"State","County","Year","Days with AQI","Good Days","Moderate Days","Unhealthy for Sensitive Groups Days","Unhealthy Days","Very Unhealthy Days","Hazardous Days","Max AQI","90th Percentile AQI","Median AQI","Days CO","Days NO2","Days Ozone","Days PM2.5","Days PM10"
"Alabama","Baldwin",2022,141,119,22,0,0,0,0,96,52,40,0,0,114,27,0
"Alabama","Clay",2022,58,50,8,0,0,0,0,64,52,27,0,0,0,58,0
"Alabama","DeKalb",2022,242,225,17,0,0,0,0,97,48,37,0,0,224,18,0
"Alabama","Elmore",2022,117,110,7,0,0,0,0,67,47,37,0,0,117,0,0
"Alabama","Etowah",2022,179,140,39,0,0,0,0,93,58,42,0,0,76,103,0
"Alabama","Jefferson",2022,182,89,91,2,0,0,0,105,74,51,1,0,67,114,0
"Alabama","Madison",2022,181,134,47,0,0,0,0,97,60,43,0,0,71,107,3
"Alabama","Mobile",2022,180,143,37,0,0,0,0,93,58,42,0,0,73,107,0
"Alabama","Montgomery",2022,181,148,33,0,0,0,0,95,58,41,0,0,103,78,0
"Alabama","Morgan",2022,181,136,45,0,0,0,0,97,60,43,0,0,83,98,0
"Alabama","Russell",2022,180,130,50,0,0,0,0,96,63,44,0,0,70,110,0
"Alabama","Shelby",2022,122,109,12,1,0,0,0,105,51,41,0,0,122,0,0
"Alabama","Sumter",2022,180,161,19,0,0,0,0,79,51,34,0,0,74,106,0
"Alabama","Tuscaloosa",2022,139,121,18,0,0,0,0,87,53,37,0,0,107,32,0
"Alaska","Anchorage ",2022,244,214,29,1,0,0,0,125,54,21,5,0,0,104,135
"Alaska","Denali ",2022,211,207,4,0,0,0,0,61,44,38,0,0,211,0,0
"Alaska","Fairbanks North Star ",2022,201,140,45,8,7,1,0,280,85,39,23,0,89,86,3
"Alaska","Juneau ",2022,188,171,17,0,0,0,0,89,46,14,0,0,0,187,1
"Alaska","Matanuska-Susitna ",2022,238,221,17,0,0,0,0,83,35,10,0,0,0,127,111
"Arizona","Apache",2022,273,271,2,0,0,0,0,57,29,11,0,0,0,21,252
"Arizona","Cochise",2022,273,203,69,1,0,0,0,101,64,45,0,0,195,0,78
"Arizona","Coconino",2022,273,196,76,1,0,0,0,101,67,47,0,0,273,0,0
"Arizona","Gila",2022,273,158,97,16,2,0,0,177,90,48,0,0,257,0,16
"Arizona","La Paz",2022,267,187,79,1,0,0,0,130,71,45,0,0,248,5,14
"Arizona","Maricopa",2022,303,60,168,56,13,6,0,264,133,74,0,0,235,17,51
"Arizona","Mohave",2022,273,257,15,1,0,0,0,115,36,18,0,0,0,0,273
"Arizona","Navajo",2022,272,221,51,0,0,0,0,93,61,43,0,0,209,0,63
"Arizona","Pima",2022,273,157,108,8,0,0,0,142,78,48,0,0,123,15,135
"Arizona","Pinal",2022,271,73,174,23,1,0,0,159,100,66,0,0,153,5,113
"Arizona","Santa Cruz",2022,270,224,46,0,0,0,0,93,60,32,0,0,0,181,89
"Arizona","Yavapai",2022,273,249,24,0,0,0,0,87,49,42,0,0,273,0,0
"Arizona","Yuma",2022,273,169,95,9,0,0,0,142,80,46,0,0,173,32,68
"Arkansas","Arkansas",2022,35,31,4,0,0,0,0,60,54,28,0,0,0,35,0
"Arkansas","Ashley",2022,36,34,2,0,0,0,0,61,48,27,0,0,0,36,0
"Arkansas","Clark",2022,241,232,9,0,0,0,0,90,45,36,0,0,241,0,0
"Arkansas","Crittenden",2022,272,244,25,2,1,0,0,156,51,32,0,81,173,18,0
"Arkansas","Garland",2022,39,36,3,0,0,0,0,67,48,33,0,0,0,39,0
"Arkansas","Jackson",2022,37,32,5,0,0,0,0,67,55,28,0,0,0,37,0
"Arkansas","Newton",2022,181,169,11,1,0,0,0,105,48,39,0,0,181,0,0
"Arkansas","Polk",2022,192,186,4,2,0,0,0,105,47,36,0,0,178,14,0
"Arkansas","Pulaski",2022,272,190,81,1,0,0,0,115,61,43,0,3,103,166,0
"Arkansas","Union",2022,37,26,11,0,0,0,0,66,58,32,0,0,0,37,0
"Arkansas","Washington",2022,200,189,10,1,0,0,0,108,48,38,0,0,176,15,9
"California","Alameda",2022,244,170,72,2,0,0,0,122,61,41,1,2,144,97,0
"California","Amador",2022,181,173,8,0,0,0,0,71,45,35,0,0,181,0,0
"California","Butte",2022,187,144,43,0,0,0,0,90,67,43,1,0,143,43,0
"California","Calaveras",2022,180,155,25,0,0,0,0,67,54,38,0,0,130,48,2
"California","Colusa",2022,179,150,29,0,0,0,0,79,55,40,0,0,113,62,4
"California","Contra Costa",2022,244,185,59,0,0,0,0,97,57,42,1,0,138,105,0
"California","Del Norte",2022,171,163,8,0,0,0,0,70,40,23,0,0,0,171,0
"California","El Dorado",2022,181,150,30,1,0,0,0,105,58,43,0,0,178,0,3
"California","Fresno",2022,243,77,134,31,1,0,0,151,103,64,0,0,166,73,4
"California","Glenn",2022,176,163,13,0,0,0,0,93,48,40,0,0,151,19,6
"California","Humboldt",2022,274,269,5,0,0,0,0,68,32,23,1,0,214,30,29
"California","Imperial",2022,238,82,122,23,4,2,5,762,114,57,0,4,74,42,118
"California","Inyo",2022,304,162,125,11,2,2,2,1445,85,50,0,0,177,94,33
"California","Kern",2022,210,81,106,21,2,0,0,152,107,57,0,0,102,92,16
"California","Kings",2022,304,76,197,30,1,0,0,187,101,67,0,0,174,72,58
"California","Lake",2022,15,15,0,0,0,0,0,33,23,16,0,0,0,14,1
"California","Los Angeles",2022,182,18,131,21,12,0,0,192,129,69,1,32,83,59,7
"California","Madera",2022,120,70,48,2,0,0,0,112,79,48,0,0,67,51,2
"California","Marin",2022,244,230,14,0,0,0,0,87,46,33,1,2,160,81,0
"California","Mariposa",2022,212,158,53,1,0,0,0,136,64,45,0,0,204,7,1
"California","Merced",2022,90,41,47,2,0,0,0,115,85,53,0,0,31,58,1
"California","Mono",2022,181,146,18,2,4,1,10,7577,68,18,0,0,0,106,75
"California","Monterey",2022,182,166,16,0,0,0,0,63,49,39,1,0,135,31,15
"California","Nevada",2022,243,146,89,8,0,0,0,119,84,48,0,0,207,36,0
"California","Orange",2022,182,99,77,4,2,0,0,156,77,49,1,12,121,44,4
"California","Placer",2022,243,125,106,12,0,0,0,133,87,50,0,0,206,36,1
"California","Plumas",2022,243,147,80,14,2,0,0,157,92,40,0,0,0,243,0
"California","Riverside",2022,243,49,110,57,20,2,5,1564,151,77,0,0,137,33,73
"California","Sacramento",2022,211,155,51,5,0,0,0,118,80,40,0,0,117,92,2
"California","San Benito",2022,212,189,23,0,0,0,0,97,51,42,0,0,201,10,1
"California","San Bernardino",2022,211,27,121,41,20,2,0,225,151,76,0,13,130,54,14
"California","San Diego",2022,283,156,120,6,1,0,0,156,77,49,0,2,101,176,4
"California","San Francisco",2022,243,214,29,0,0,0,0,76,52,33,3,12,135,93,0
"California","San Joaquin",2022,182,123,56,3,0,0,0,109,84,43,3,0,114,61,4
"California","San Luis Obispo",2022,181,64,115,2,0,0,0,115,72,55,0,0,80,92,9
"California","San Mateo",2022,244,211,33,0,0,0,0,75,53,35,1,3,167,73,0
"California","Santa Barbara",2022,182,148,34,0,0,0,0,93,56,43,1,0,150,30,1
"California","Santa Clara",2022,244,178,64,2,0,0,0,112,64,42,1,1,165,77,0
"California","Santa Cruz",2022,181,170,11,0,0,0,0,54,47,35,0,0,117,64,0
"California","Shasta",2022,207,186,21,0,0,0,0,71,51,44,0,0,201,1,5
"California","Solano",2022,273,222,51,0,0,0,0,90,61,40,0,0,212,61,0
"California","Sonoma",2022,244,229,15,0,0,0,0,61,47,32,1,0,175,66,2
"California","Stanislaus",2022,186,103,76,7,0,0,0,111,91,48,1,0,89,93,3
"California","Sutter",2022,181,116,64,1,0,0,0,102,76,46,0,0,107,74,0
"California","Tehama",2022,191,172,19,0,0,0,0,100,50,39,0,0,161,20,10
"California","Trinity",2022,178,138,40,0,0,0,0,96,61,22,0,0,0,178,0
"California","Tulare",2022,212,70,96,44,2,0,0,156,119,67,0,0,142,70,0
"California","Tuolumne",2022,180,177,3,0,0,0,0,71,45,37,0,0,180,0,0
"California","Ventura",2022,243,141,98,4,0,0,0,140,80,48,0,1,211,31,0
"California","Yolo",2022,254,214,40,0,0,0,0,100,54,41,0,0,219,32,3
"Colorado","Adams",2022,281,148,119,14,0,0,0,126,90,50,0,37,192,18,34
"Colorado","Arapahoe",2022,276,155,109,12,0,0,0,129,87,48,0,0,270,6,0
"Colorado","Archuleta",2022,306,254,48,3,0,1,0,227,58,44,0,2,271,0,33
"Colorado","Boulder",2022,275,168,100,7,0,0,0,129,80,48,0,0,235,39,1
"Colorado","Clear Creek",2022,264,164,97,3,0,0,0,108,71,49,0,0,264,0,0
"Colorado","Delta",2022,143,126,17,0,0,0,0,80,54,44,0,0,138,1,4
"Colorado","Denver",2022,281,152,122,7,0,0,0,112,84,49,0,67,172,41,1
"Colorado","Douglas",2022,275,166,91,17,1,0,0,169,90,49,0,0,253,22,0
"Colorado","El Paso",2022,276,171,103,2,0,0,0,115,77,48,1,0,267,6,2
"Colorado","Fremont",2022,74,71,3,0,0,0,0,77,28,12,0,0,0,0,74
"Colorado","Garfield",2022,272,248,24,0,0,0,0,84,50,43,0,0,272,0,0
"Colorado","Gilpin",2022,273,196,73,4,0,0,0,112,74,46,0,0,273,0,0
"Colorado","Gunnison",2022,242,194,47,1,0,0,0,108,64,46,0,0,242,0,0
"Colorado","Jackson",2022,31,24,7,0,0,0,0,71,51,46,0,0,30,1,0
"Colorado","Jefferson",2022,273,143,99,30,1,0,0,166,101,50,0,0,273,0,0
"Colorado","La Plata",2022,306,210,95,1,0,0,0,108,74,47,0,0,298,8,0
"Colorado","Larimer",2022,274,137,129,8,0,0,0,126,87,51,1,0,261,12,0
"Colorado","Mesa",2022,276,219,56,1,0,0,0,108,58,45,0,0,250,21,5
"Colorado","Montezuma",2022,273,218,55,0,0,0,0,87,61,45,0,0,273,0,0
"Colorado","Pitkin",2022,68,66,2,0,0,0,0,58,32,13,0,0,0,0,68
"Colorado","Prowers",2022,221,202,18,0,1,0,0,158,44,17,0,0,0,0,221
"Colorado","Pueblo",2022,235,221,11,3,0,0,0,121,42,19,0,0,0,71,164
"Colorado","Rio Blanco",2022,243,162,79,2,0,0,0,122,67,47,0,1,235,7,0
"Colorado","Routt",2022,220,220,0,0,0,0,0,43,28,16,0,0,0,0,220
"Colorado","San Miguel",2022,76,75,1,0,0,0,0,68,36,15,0,0,0,0,76
"Colorado","Weld",2022,277,125,142,10,0,0,0,133,90,51,1,2,225,49,0
"Connecticut","Fairfield",2022,181,129,48,4,0,0,0,140,62,44,0,7,106,68,0
"Connecticut","Hartford",2022,181,146,34,1,0,0,0,112,60,41,0,11,122,48,0
"Connecticut","Litchfield",2022,182,165,16,1,0,0,0,101,50,40,1,0,168,13,0
"Connecticut","Middlesex",2022,121,108,13,0,0,0,0,100,54,40,0,0,121,0,0
"Connecticut","New Haven",2022,182,134,47,1,0,0,0,105,63,42,1,6,115,59,1
"Connecticut","New London",2022,181,161,20,0,0,0,0,80,51,37,0,0,108,73,0
"Connecticut","Tolland",2022,116,107,9,0,0,0,0,90,49,40,0,0,116,0,0
"Connecticut","Windham",2022,238,222,16,0,0,0,0,93,49,38,0,0,238,0,0
"Country Of Mexico","BAJA CALIFORNIA NORTE",2022,273,68,159,29,17,0,0,167,125,61,0,0,0,273,0
"Country Of Mexico","SONORA",2022,273,161,110,2,0,0,0,115,72,47,0,0,179,25,69
"Delaware","Kent",2022,59,47,12,0,0,0,0,71,55,37,0,0,22,37,0
"Delaware","New Castle",2022,60,41,19,0,0,0,0,75,63,42,1,2,22,35,0
"Delaware","Sussex",2022,59,49,10,0,0,0,0,72,54,37,0,0,33,26,0
"District Of Columbia","District of Columbia",2022,213,153,56,4,0,0,0,128,67,43,1,21,130,61,0
"Florida","Alachua",2022,181,164,17,0,0,0,0,84,50,40,0,0,133,48,0
"Florida","Baker",2022,181,153,28,0,0,0,0,87,54,41,0,0,128,53,0
"Florida","Bay",2022,181,141,40,0,0,0,0,99,58,42,0,0,114,67,0
"Florida","Brevard",2022,181,154,27,0,0,0,0,80,54,42,0,0,135,46,0
"Florida","Broward",2022,182,142,40,0,0,0,0,100,56,44,1,4,97,80,0
"Florida","Citrus",2022,176,160,16,0,0,0,0,68,49,35,0,0,0,176,0
"Florida","Collier",2022,179,169,10,0,0,0,0,79,47,38,0,0,132,47,0
"Florida","Columbia",2022,179,147,32,0,0,0,0,90,58,41,0,0,114,65,0
"Florida","Duval",2022,182,127,55,0,0,0,0,90,61,45,1,2,86,92,1
"Florida","Escambia",2022,181,129,51,1,0,0,0,133,64,45,0,0,108,73,0
"Florida","Flagler",2022,181,173,8,0,0,0,0,100,47,38,0,0,181,0,0
"Florida","Hamilton",2022,123,101,22,0,0,0,0,70,54,40,0,0,0,123,0
"Florida","Highlands",2022,179,167,11,1,0,0,0,112,48,39,0,0,179,0,0
"Florida","Hillsborough",2022,181,119,61,1,0,0,0,126,67,46,0,0,114,66,1
"Florida","Holmes",2022,181,139,42,0,0,0,0,90,56,42,0,0,96,85,0
"Florida","Indian River",2022,239,231,8,0,0,0,0,67,47,34,0,0,239,0,0
"Florida","Lake",2022,181,169,12,0,0,0,0,87,50,40,0,0,181,0,0
"Florida","Lee",2022,181,154,27,0,0,0,0,80,54,41,0,0,132,49,0
"Florida","Leon",2022,180,135,45,0,0,0,0,92,59,42,0,0,82,98,0
"Florida","Liberty",2022,233,224,9,0,0,0,0,74,47,32,0,0,233,0,0
"Florida","Manatee",2022,169,158,11,0,0,0,0,80,49,38,0,0,169,0,0
"Florida","Marion",2022,180,151,29,0,0,0,0,93,55,42,0,0,125,55,0
"Florida","Martin",2022,181,166,14,1,0,0,0,108,49,40,0,0,118,63,0
"Florida","Miami-Dade",2022,182,158,22,2,0,0,0,136,55,41,1,19,97,64,1
"Florida","Okaloosa",2022,170,155,15,0,0,0,0,84,49,39,0,0,166,0,4
"Florida","Orange",2022,181,154,27,0,0,0,0,97,54,41,0,0,163,18,0
"Florida","Osceola",2022,181,169,12,0,0,0,0,80,49,38,0,0,181,0,0
"Florida","Palm Beach",2022,181,153,28,0,0,0,0,89,54,40,0,0,120,61,0
"Florida","Pasco",2022,181,155,26,0,0,0,0,87,51,42,0,0,181,0,0
"Florida","Pinellas",2022,181,140,41,0,0,0,0,87,58,44,0,0,124,56,1
"Florida","Polk",2022,181,152,29,0,0,0,0,87,55,41,0,0,121,60,0
"Florida","Putnam",2022,151,151,0,0,0,0,0,44,29,18,0,0,0,0,151
"Florida","Santa Rosa",2022,181,138,42,1,0,0,0,109,60,43,0,0,124,57,0
"Florida","Sarasota",2022,181,140,41,0,0,0,0,100,58,43,0,0,125,56,0
"Florida","Seminole",2022,181,160,21,0,0,0,0,87,51,40,0,0,143,38,0
"Florida","St. Lucie",2022,175,169,6,0,0,0,0,77,48,37,0,0,175,0,0
"Florida","Volusia",2022,181,148,33,0,0,0,0,93,56,42,0,0,118,63,0
"Florida","Wakulla",2022,182,153,29,0,0,0,0,96,55,41,1,0,117,64,0
"Georgia","Bibb",2022,273,229,44,0,0,0,0,90,55,38,0,0,126,147,0
"Georgia","Chatham",2022,273,229,44,0,0,0,0,97,57,39,0,0,128,145,0
"Georgia","Chattooga",2022,214,205,9,0,0,0,0,77,47,35,0,0,214,0,0
"Georgia","Clarke",2022,243,183,60,0,0,0,0,87,60,44,0,0,131,112,0
"Georgia","Clayton",2022,70,60,10,0,0,0,0,69,54,33,0,0,0,70,0
"Georgia","Cobb",2022,203,181,22,0,0,0,0,93,51,39,0,0,163,40,0
"Georgia","Coffee",2022,71,65,6,0,0,0,0,71,46,28,0,0,0,71,0
"Georgia","Columbia",2022,184,178,6,0,0,0,0,71,47,34,0,0,184,0,0
"Georgia","Dawson",2022,214,207,6,1,0,0,0,136,47,35,0,0,214,0,0
"Georgia","DeKalb",2022,274,198,74,2,0,0,0,147,62,43,1,22,113,138,0
"Georgia","Dougherty",2022,241,166,70,4,1,0,0,151,61,36,0,0,0,241,0
"Georgia","Douglas",2022,212,186,25,1,0,0,0,133,54,38,0,0,212,0,0
"Georgia","Floyd",2022,236,213,23,0,0,0,0,81,50,29,0,0,0,236,0
"Georgia","Fulton",2022,274,192,79,2,1,0,0,169,63,45,1,7,133,133,0
"Georgia","Glynn",2022,273,238,34,1,0,0,0,106,53,37,0,0,126,147,0
"Georgia","Gwinnett",2022,240,188,52,0,0,0,0,97,59,42,0,0,108,132,0
"Georgia","Hall",2022,242,196,46,0,0,0,0,76,55,36,0,0,0,242,0
"Georgia","Henry",2022,229,188,38,3,0,0,0,105,61,38,0,0,142,87,0
"Georgia","Houston",2022,243,198,44,1,0,0,0,102,57,33,0,0,0,243,0
"Georgia","Lowndes",2022,232,178,54,0,0,0,0,100,61,35,0,0,0,232,0
"Georgia","Murray",2022,181,156,24,1,0,0,0,105,54,40,0,0,181,0,0
"Georgia","Muscogee",2022,243,198,43,2,0,0,0,149,56,40,0,0,113,130,0
"Georgia","Pike",2022,218,196,22,0,0,0,0,100,51,36,0,0,218,0,0
"Georgia","Richmond",2022,273,216,57,0,0,0,0,99,58,40,0,0,134,139,0
"Georgia","Rockdale",2022,213,186,27,0,0,0,0,90,54,39,0,0,213,0,0
"Georgia","Sumter",2022,207,194,13,0,0,0,0,93,47,34,0,0,207,0,0
"Georgia","Walker",2022,235,154,81,0,0,0,0,87,62,43,0,0,0,235,0
"Georgia","Washington",2022,241,179,59,3,0,0,0,112,59,40,0,0,0,241,0
"Hawaii","Hawaii",2022,209,207,2,0,0,0,0,58,38,26,0,0,0,209,0
"Hawaii","Honolulu",2022,182,181,0,1,0,0,0,142,36,29,1,1,149,26,5
"Hawaii","Kauai",2022,90,90,0,0,0,0,0,34,19,10,0,17,0,73,0
"Hawaii","Maui",2022,181,179,2,0,0,0,0,72,28,18,0,0,0,181,0
"Idaho","Ada",2022,182,147,35,0,0,0,0,74,58,43,1,9,132,38,2
"Idaho","Bannock",2022,263,196,66,1,0,0,0,106,67,40,0,0,85,74,104
"Idaho","Benewah",2022,181,148,33,0,0,0,0,72,58,30,0,0,0,181,0
"Idaho","Blaine",2022,173,173,0,0,0,0,0,44,29,17,0,0,0,173,0
"Idaho","Boise",2022,181,157,24,0,0,0,0,62,52,23,0,0,0,181,0
"Idaho","Bonner",2022,181,177,4,0,0,0,0,61,35,19,0,0,0,154,27
"Idaho","Bonneville",2022,176,168,8,0,0,0,0,70,40,19,0,0,0,176,0
"Idaho","Butte",2022,212,197,15,0,0,0,0,71,50,43,0,0,212,0,0
"Idaho","Canyon",2022,181,152,29,0,0,0,0,73,58,26,0,0,0,146,35
"Idaho","Franklin",2022,181,159,22,0,0,0,0,79,54,15,0,0,0,181,0
"Idaho","Idaho",2022,302,261,32,3,4,2,0,238,59,36,0,0,180,122,0
"Idaho","Kootenai",2022,181,179,2,0,0,0,0,57,25,10,0,0,0,181,0
"Idaho","Latah",2022,177,177,0,0,0,0,0,25,5,0,0,0,0,177,0
"Idaho","Lemhi",2022,181,131,49,1,0,0,0,112,67,24,0,0,0,181,0
"Idaho","Nez Perce",2022,302,275,21,2,4,0,0,180,47,19,0,0,0,302,0
"Idaho","Shoshone",2022,181,147,33,1,0,0,0,108,58,23,0,0,0,176,5
"Idaho","Twin Falls",2022,169,160,9,0,0,0,0,77,45,18,0,0,0,169,0
"Idaho","Valley",2022,170,137,33,0,0,0,0,98,64,23,0,0,0,170,0
"Illinois","Adams",2022,206,199,7,0,0,0,0,71,48,39,0,0,206,0,0
"Illinois","Champaign",2022,273,224,48,1,0,0,0,126,58,40,0,0,198,75,0
"Illinois","Clark",2022,172,156,15,1,0,0,0,101,49,36,0,0,172,0,0
"Illinois","Cook",2022,274,157,109,7,1,0,0,151,77,48,1,22,123,108,20
"Illinois","DuPage",2022,273,207,65,1,0,0,0,129,62,41,0,0,155,118,0
"Illinois","Effingham",2022,208,185,23,0,0,0,0,100,51,38,0,0,208,0,0
"Illinois","Hamilton",2022,273,224,49,0,0,0,0,87,60,40,0,0,157,116,0
"Illinois","Jersey",2022,273,225,43,5,0,0,0,112,58,41,0,0,180,93,0
"Illinois","Jo Daviess",2022,227,213,14,0,0,0,0,84,48,36,0,0,227,0,0
"Illinois","Kane",2022,231,180,48,3,0,0,0,129,64,40,0,0,179,52,0
"Illinois","Lake",2022,212,170,39,2,1,0,0,159,67,41,0,0,212,0,0
"Illinois","Macon",2022,273,220,51,2,0,0,0,115,58,41,0,0,155,118,0
"Illinois","Macoupin",2022,271,260,9,2,0,0,0,108,46,36,0,61,210,0,0
"Illinois","Madison",2022,273,166,98,9,0,0,0,147,74,47,0,0,148,123,2
"Illinois","McHenry",2022,273,204,66,3,0,0,0,126,63,40,0,0,153,120,0
"Illinois","McLean",2022,273,211,60,2,0,0,0,129,60,42,0,0,161,112,0
"Illinois","Peoria",2022,273,209,64,0,0,0,0,100,61,42,0,0,154,119,0
"Illinois","Randolph",2022,273,223,48,2,0,0,0,108,61,42,0,0,172,101,0
"Illinois","Rock Island",2022,268,214,54,0,0,0,0,80,61,40,0,0,158,110,0
"Illinois","Saint Clair",2022,273,184,88,1,0,0,0,105,67,44,0,7,130,136,0
"Illinois","Sangamon",2022,270,222,44,4,0,0,0,126,57,40,0,0,148,122,0
"Illinois","Will",2022,273,208,63,2,0,0,0,101,61,41,0,0,152,121,0
"Illinois","Winnebago",2022,273,228,45,0,0,0,0,97,58,39,0,0,172,101,0
"Indiana","Allen",2022,263,239,22,2,0,0,0,115,50,37,0,0,263,0,0
"Indiana","Bartholomew",2022,211,174,36,1,0,0,0,105,61,41,0,0,178,33,0
"Indiana","Boone",2022,209,182,26,1,0,0,0,115,58,39,0,0,209,0,0
"Indiana","Brown",2022,236,227,9,0,0,0,0,97,47,37,0,0,236,0,0
"Indiana","Carroll",2022,272,251,21,0,0,0,0,93,49,36,0,0,272,0,0
"Indiana","Clark",2022,271,191,79,1,0,0,0,119,63,44,0,0,145,125,1
"Indiana","Delaware",2022,237,205,31,1,0,0,0,115,56,39,0,0,218,19,0
"Indiana","Dubois",2022,76,67,9,0,0,0,0,86,53,32,0,0,0,72,4
"Indiana","Elkhart",2022,269,234,34,1,0,0,0,105,54,38,0,0,197,72,0
"Indiana","Floyd",2022,201,185,16,0,0,0,0,87,48,36,0,0,201,0,0
"Indiana","Greene",2022,218,186,30,2,0,0,0,101,58,39,0,0,197,21,0
"Indiana","Hamilton",2022,222,174,48,0,0,0,0,100,63,40,0,0,152,70,0
"Indiana","Hendricks",2022,232,218,14,0,0,0,0,87,48,37,0,0,232,0,0
"Indiana","Henry",2022,72,65,7,0,0,0,0,94,50,29,0,0,0,72,0
"Indiana","Howard",2022,243,187,52,4,0,0,0,108,62,40,0,0,167,76,0
"Indiana","Knox",2022,226,204,22,0,0,0,0,87,50,39,0,0,226,0,0
"Indiana","LaPorte",2022,273,236,33,4,0,0,0,143,58,38,0,0,252,21,0
"Indiana","Lake",2022,273,192,76,5,0,0,0,143,65,43,0,7,155,107,4
"Indiana","Madison",2022,243,179,60,4,0,0,0,133,64,44,0,0,170,73,0
"Indiana","Marion",2022,274,165,101,8,0,0,0,119,71,46,1,35,89,148,1
"Indiana","Monroe",2022,232,213,19,0,0,0,0,96,48,28,0,0,0,232,0
"Indiana","Perry",2022,212,193,18,1,0,0,0,119,50,39,0,0,212,0,0
"Indiana","Porter",2022,272,222,46,4,0,0,0,143,59,41,0,0,218,53,1
"Indiana","Posey",2022,212,199,13,0,0,0,0,97,47,34,0,0,212,0,0
"Indiana","Shelby",2022,272,246,24,2,0,0,0,115,50,37,0,0,272,0,0
"Indiana","Spencer",2022,70,63,7,0,0,0,0,77,51,33,0,0,0,70,0
"Indiana","St. Joseph",2022,273,199,69,5,0,0,0,122,67,43,0,1,177,95,0
"Indiana","Tippecanoe",2022,177,161,16,0,0,0,0,95,50,24,0,0,0,177,0
"Indiana","Vanderburgh",2022,273,197,76,0,0,0,0,100,64,44,0,1,165,107,0
"Indiana","Vigo",2022,243,180,61,2,0,0,0,115,59,41,0,0,129,114,0
"Indiana","Wabash",2022,241,217,23,1,0,0,0,112,50,39,0,0,241,0,0
"Indiana","Warrick",2022,273,236,36,1,0,0,0,101,51,39,0,0,273,0,0
"Indiana","Whitley",2022,238,203,34,1,0,0,0,109,55,32,0,0,0,238,0
"Iowa","Black Hawk",2022,303,257,46,0,0,0,0,82,54,33,0,0,0,303,0
"Iowa","Bremer",2022,243,235,8,0,0,0,0,67,47,37,0,0,243,0,0
"Iowa","Cerro Gordo",2022,87,87,0,0,0,0,0,42,29,17,0,0,0,0,87
"Iowa","Clinton",2022,303,206,96,1,0,0,0,107,64,42,0,0,129,174,0
"Iowa","Harrison",2022,237,210,27,0,0,0,0,84,51,40,0,0,237,0,0
"Iowa","Johnson",2022,303,262,41,0,0,0,0,81,54,31,0,0,0,303,0
"Iowa","Lee",2022,75,68,7,0,0,0,0,72,48,29,0,0,0,75,0
"Iowa","Linn",2022,304,231,73,0,0,0,0,79,56,42,0,0,161,143,0
"Iowa","Montgomery",2022,302,277,25,0,0,0,0,74,50,38,0,0,215,87,0
"Iowa","Muscatine",2022,304,269,35,0,0,0,0,87,52,31,0,0,0,303,1
"Iowa","Palo Alto",2022,304,271,33,0,0,0,0,77,51,38,0,0,192,112,0
"Iowa","Polk",2022,304,267,37,0,0,0,0,77,52,39,0,11,201,90,2
"Iowa","Pottawattamie",2022,90,83,7,0,0,0,0,66,49,28,0,0,0,79,11
"Iowa","Scott",2022,305,232,73,0,0,0,0,96,61,41,1,0,158,89,57
"Iowa","Van Buren",2022,304,274,29,1,0,0,0,102,50,39,0,1,187,116,0
"Iowa","Woodbury",2022,87,84,3,0,0,0,0,52,45,28,0,0,0,87,0
"Kansas","Ford",2022,179,161,18,0,0,0,0,87,53,18,0,0,0,0,179
"Kansas","Johnson",2022,181,140,41,0,0,0,0,87,62,40,0,0,102,79,0
"Kansas","Leavenworth",2022,181,174,7,0,0,0,0,77,47,38,0,0,181,0,0
"Kansas","Neosho",2022,181,134,47,0,0,0,0,94,62,43,0,0,94,84,3
"Kansas","Sedgwick",2022,181,124,55,2,0,0,0,119,64,44,0,0,119,58,4
"Kansas","Shawnee",2022,181,138,43,0,0,0,0,87,59,44,0,0,114,67,0
"Kansas","Sherman",2022,180,163,15,1,0,0,1,495,48,15,0,0,0,0,180
"Kansas","Sumner",2022,181,125,55,1,0,0,0,115,61,43,0,1,98,67,15
"Kansas","Trego",2022,175,148,26,1,0,0,0,102,60,38,0,0,140,22,13
"Kansas","Wyandotte",2022,182,128,54,0,0,0,0,93,63,44,1,4,62,115,0
"Kentucky","Bell",2022,181,121,60,0,0,0,0,90,64,44,0,0,84,97,0
"Kentucky","Boone",2022,76,62,14,0,0,0,0,97,64,44,0,0,76,0,0
"Kentucky","Boyd",2022,184,154,30,0,0,0,0,80,54,40,0,5,100,73,6
"Kentucky","Bullitt",2022,119,104,15,0,0,0,0,93,54,43,0,0,119,0,0
"Kentucky","Campbell",2022,192,160,31,1,0,0,0,105,58,39,0,0,106,86,0
"Kentucky","Carter",2022,182,166,16,0,0,0,0,68,48,38,0,0,104,73,5
"Kentucky","Christian",2022,181,145,36,0,0,0,0,83,56,42,0,0,81,100,0
"Kentucky","Daviess",2022,181,147,34,0,0,0,0,98,56,42,0,2,96,83,0
"Kentucky","Edmonson",2022,213,193,20,0,0,0,0,84,50,39,6,0,207,0,0
"Kentucky","Fayette",2022,186,158,28,0,0,0,0,90,58,41,0,7,99,75,5
"Kentucky","Greenup",2022,121,110,11,0,0,0,0,71,49,40,0,0,121,0,0
"Kentucky","Hancock",2022,121,107,13,1,0,0,0,108,58,43,0,0,121,0,0
"Kentucky","Hardin",2022,183,149,34,0,0,0,0,84,59,42,0,0,90,93,0
"Kentucky","Jessamine",2022,121,108,13,0,0,0,0,87,51,41,0,0,121,0,0
"Kentucky","Livingston",2022,120,100,19,1,0,0,0,105,61,42,0,0,120,0,0
"Kentucky","McCracken",2022,181,148,33,0,0,0,0,97,59,40,0,1,100,80,0
"Kentucky","Morgan",2022,242,228,14,0,0,0,0,74,47,37,0,0,242,0,0
"Kentucky","Oldham",2022,122,108,12,2,0,0,0,112,51,42,0,0,122,0,0
"Kentucky","Perry",2022,165,129,35,0,1,0,0,166,58,43,0,0,87,78,0
"Kentucky","Pike",2022,181,165,16,0,0,0,0,91,49,38,0,0,99,82,0
"Kentucky","Pulaski",2022,181,152,29,0,0,0,0,79,54,39,0,0,92,89,0
"Kentucky","Simpson",2022,119,101,18,0,0,0,0,93,61,41,0,0,119,0,0
"Kentucky","Trigg",2022,126,116,10,0,0,0,0,80,50,39,0,0,126,0,0
"Kentucky","Warren",2022,179,150,29,0,0,0,0,84,56,41,0,0,96,83,0
"Kentucky","Washington",2022,242,222,20,0,0,0,0,77,49,39,0,0,242,0,0
"Louisiana","Ascension",2022,272,246,26,0,0,0,0,90,50,34,0,4,268,0,0
"Louisiana","Bossier",2022,268,192,76,0,0,0,0,99,61,43,0,0,99,167,2
"Louisiana","Caddo",2022,271,239,31,1,0,0,0,108,52,38,0,0,236,35,0
"Louisiana","Calcasieu",2022,273,180,93,0,0,0,0,100,67,44,0,0,113,157,3
"Louisiana","East Baton Rouge",2022,273,207,63,3,0,0,0,141,63,41,0,1,172,99,1
"Louisiana","Iberville",2022,273,202,65,6,0,0,0,129,77,41,0,0,268,5,0
"Louisiana","Jefferson",2022,269,218,51,0,0,0,0,95,58,40,0,3,149,117,0
"Louisiana","Lafayette",2022,273,207,64,2,0,0,0,103,60,40,0,0,173,100,0
"Louisiana","Lafourche",2022,259,224,34,1,0,0,0,109,53,37,0,0,148,111,0
"Louisiana","Livingston",2022,269,197,69,3,0,0,0,117,64,41,0,0,129,140,0
"Louisiana","Orleans",2022,274,246,26,2,0,0,0,102,51,28,3,93,0,171,7
"Louisiana","Ouachita",2022,269,244,24,1,0,0,0,105,50,38,0,0,253,16,0
"Louisiana","Pointe Coupee",2022,272,253,18,1,0,0,0,112,48,34,0,0,272,0,0
"Louisiana","Rapides",2022,60,51,8,1,0,0,0,105,53,30,0,0,0,60,0
"Louisiana","St. Bernard",2022,273,212,60,1,0,0,0,108,58,41,0,0,174,99,0
"Louisiana","St. James",2022,269,253,16,0,0,0,0,93,47,33,0,0,269,0,0
"Louisiana","St. John the Baptist",2022,265,253,12,0,0,0,0,74,47,34,0,0,265,0,0
"Louisiana","St. Martin",2022,250,214,36,0,0,0,0,97,58,34,0,0,250,0,0
"Louisiana","St. Tammany",2022,273,230,42,1,0,0,0,103,55,37,0,0,181,92,0
"Louisiana","Tangipahoa",2022,60,53,7,0,0,0,0,96,54,31,0,0,0,60,0
"Louisiana","Terrebonne",2022,59,56,3,0,0,0,0,96,44,30,0,0,0,59,0
"Louisiana","West Baton Rouge",2022,272,221,47,4,0,0,0,105,58,39,0,1,190,81,0
"Maine","Androscoggin",2022,301,286,15,0,0,0,0,97,45,31,0,0,206,94,1
"Maine","Aroostook",2022,273,252,21,0,0,0,0,77,48,33,0,0,135,117,21
"Maine","Cumberland",2022,304,284,17,3,0,0,0,109,46,36,0,7,269,26,2
"Maine","Hancock",2022,274,250,23,1,0,0,0,112,50,38,1,0,263,10,0
"Maine","Kennebec",2022,184,180,4,0,0,0,0,84,44,31,0,0,167,17,0
"Maine","Knox",2022,209,203,6,0,0,0,0,80,45,35,0,0,209,0,0
"Maine","Oxford",2022,304,293,11,0,0,0,0,65,45,31,0,0,213,91,0
"Maine","Penobscot",2022,272,258,14,0,0,0,0,87,46,33,0,0,194,76,2
"Maine","Sagadahoc",2022,167,157,10,0,0,0,0,93,47,33,0,0,167,0,0
"Maine","Washington",2022,270,268,2,0,0,0,0,58,44,35,0,0,270,0,0
"Maine","York",2022,246,230,14,2,0,0,0,126,49,38,0,0,246,0,0
"Maryland","Anne Arundel",2022,221,205,16,0,0,0,0,93,49,40,0,0,212,0,9
"Maryland","Baltimore",2022,272,228,43,1,0,0,0,122,56,37,0,94,141,37,0
"Maryland","Baltimore (City)",2022,261,198,61,2,0,0,0,112,64,42,0,15,187,59,0
"Maryland","Calvert",2022,122,110,12,0,0,0,0,74,50,40,0,0,122,0,0
"Maryland","Carroll",2022,121,103,17,1,0,0,0,112,58,42,0,0,121,0,0
"Maryland","Cecil",2022,273,218,54,1,0,0,0,101,61,42,0,0,201,72,0
"Maryland","Charles",2022,122,105,17,0,0,0,0,87,54,42,0,0,122,0,0
"Maryland","Dorchester",2022,242,212,30,0,0,0,0,93,51,41,0,0,228,14,0
"Maryland","Frederick",2022,118,106,11,1,0,0,0,115,58,42,0,0,118,0,0
"Maryland","Garrett",2022,274,256,18,0,0,0,0,97,49,39,3,1,245,25,0
"Maryland","Harford",2022,273,208,65,0,0,0,0,97,64,43,0,0,207,66,0
"Maryland","Howard",2022,182,171,11,0,0,0,0,62,46,31,1,84,0,97,0
"Maryland","Kent",2022,181,156,25,0,0,0,0,93,54,40,0,0,116,65,0
"Maryland","Montgomery",2022,176,128,47,1,0,0,0,119,60,44,0,0,102,74,0
"Maryland","Prince George's",2022,274,229,44,1,0,0,0,101,61,41,1,5,263,5,0
"Maryland","Washington",2022,265,240,25,0,0,0,0,87,50,40,0,0,197,68,0
"Massachusetts","Barnstable",2022,177,171,6,0,0,0,0,74,44,38,0,0,177,0,0
"Massachusetts","Berkshire",2022,181,156,25,0,0,0,0,80,54,40,0,0,128,53,0
"Massachusetts","Bristol",2022,181,169,12,0,0,0,0,71,49,39,0,0,157,24,0
"Massachusetts","Dukes",2022,172,167,5,0,0,0,0,61,45,39,0,0,172,0,0
"Massachusetts","Essex",2022,181,172,9,0,0,0,0,87,47,38,0,1,153,27,0
"Massachusetts","Franklin",2022,181,151,30,0,0,0,0,80,55,38,0,0,117,64,0
"Massachusetts","Hampden",2022,181,156,25,0,0,0,0,97,55,39,0,5,135,41,0
"Massachusetts","Hampshire",2022,181,163,18,0,0,0,0,77,50,40,0,0,152,29,0
"Massachusetts","Middlesex",2022,181,165,16,0,0,0,0,68,49,38,0,16,132,33,0
"Massachusetts","Norfolk",2022,181,165,16,0,0,0,0,74,50,41,0,4,164,13,0
"Massachusetts","Plymouth",2022,181,163,18,0,0,0,0,66,50,40,0,0,110,71,0
"Massachusetts","Suffolk",2022,182,154,28,0,0,0,0,84,55,36,1,32,68,81,0
"Massachusetts","Worcester",2022,182,149,33,0,0,0,0,70,55,42,1,9,88,84,0
"Michigan","Allegan",2022,172,138,29,3,2,0,0,195,64,38,0,0,104,68,0
"Michigan","Bay",2022,181,170,11,0,0,0,0,68,40,19,0,0,0,181,0
"Michigan","Benzie",2022,120,104,13,2,1,0,0,151,61,39,0,0,120,0,0
"Michigan","Berrien",2022,120,91,24,4,1,0,0,156,74,41,0,0,120,0,0
"Michigan","Cass",2022,110,95,13,2,0,0,0,119,64,41,0,0,110,0,0
"Michigan","Clinton",2022,115,100,15,0,0,0,0,90,51,40,0,0,115,0,0
"Michigan","Genesee",2022,180,139,39,2,0,0,0,112,64,40,0,0,103,77,0
"Michigan","Huron",2022,122,112,9,1,0,0,0,122,48,37,0,0,122,0,0
"Michigan","Ingham",2022,181,139,42,0,0,0,0,93,58,39,0,6,88,87,0
"Michigan","Kalamazoo",2022,170,118,51,1,0,0,0,119,67,43,0,0,89,81,0
"Michigan","Kent",2022,182,129,49,4,0,0,0,136,66,41,1,3,105,71,2
"Michigan","Lenawee",2022,181,146,35,0,0,0,0,97,62,39,0,0,104,77,0
"Michigan","Macomb",2022,181,129,50,2,0,0,0,126,71,41,0,0,98,83,0
"Michigan","Manistee",2022,129,110,16,2,1,0,0,156,58,38,0,0,107,22,0
"Michigan","Mason",2022,120,107,11,1,1,0,0,161,58,38,0,0,120,0,0
"Michigan","Missaukee",2022,181,150,30,1,0,0,0,112,54,40,0,0,90,91,0
"Michigan","Monroe",2022,30,26,4,0,0,0,0,82,55,27,0,0,0,0,30
"Michigan","Muskegon",2022,122,101,15,4,2,0,0,187,61,39,0,0,122,0,0
"Michigan","Oakland",2022,141,119,22,0,0,0,0,100,58,37,0,0,116,25,0
"Michigan","Ottawa",2022,148,103,41,2,2,0,0,164,70,39,0,0,68,80,0
"Michigan","Schoolcraft",2022,180,163,16,1,0,0,0,126,50,36,0,0,116,64,0
"Michigan","St. Clair",2022,175,130,43,2,0,0,0,133,66,39,0,0,98,77,0
"Michigan","Tuscola",2022,241,218,22,1,0,0,0,105,50,37,0,0,241,0,0
"Michigan","Washtenaw",2022,237,195,41,1,0,0,0,101,61,40,0,0,188,49,0
"Michigan","Wayne",2022,182,75,98,9,0,0,0,126,84,54,1,10,44,120,7
"Michigan","Wexford",2022,238,214,20,4,0,0,0,136,51,38,0,0,238,0,0
"Minnesota","Anoka",2022,181,155,26,0,0,0,0,74,51,41,0,4,144,33,0
"Minnesota","Becker",2022,173,166,6,1,0,0,0,125,46,38,0,0,107,66,0
"Minnesota","Beltrami",2022,86,83,3,0,0,0,0,60,45,28,0,0,0,86,0
"Minnesota","Carlton",2022,180,180,0,0,0,0,0,47,42,30,0,0,95,85,0
"Minnesota","Cass",2022,89,86,3,0,0,0,0,58,40,23,0,0,0,89,0
"Minnesota","Cook",2022,88,88,0,0,0,0,0,43,18,5,0,0,0,88,0
"Minnesota","Crow Wing",2022,181,174,7,0,0,0,0,67,45,37,0,0,116,65,0
"Minnesota","Dakota",2022,182,176,6,0,0,0,0,57,40,23,1,88,0,93,0
"Minnesota","Goodhue",2022,121,112,9,0,0,0,0,71,49,41,0,0,121,0,0
"Minnesota","Hennepin",2022,182,151,31,0,0,0,0,95,54,37,1,21,80,71,9
"Minnesota","Lake",2022,176,170,6,0,0,0,0,76,46,37,0,0,111,65,0
"Minnesota","Lyon",2022,180,161,18,0,1,0,0,163,51,38,0,0,109,71,0
"Minnesota","Mille Lacs",2022,31,31,0,0,0,0,0,47,44,39,0,0,31,0,0
"Minnesota","Olmsted",2022,181,161,19,1,0,0,0,110,51,38,0,0,107,74,0
"Minnesota","Ramsey",2022,181,162,19,0,0,0,0,68,51,27,0,0,0,144,37
"Minnesota","Saint Louis",2022,210,201,9,0,0,0,0,71,45,37,0,4,185,16,5
"Minnesota","Scott",2022,181,163,18,0,0,0,0,74,50,38,0,0,154,27,0
"Minnesota","Stearns",2022,155,142,13,0,0,0,0,71,49,38,0,0,90,65,0
"Minnesota","Washington",2022,104,92,12,0,0,0,0,87,51,40,0,0,104,0,0
"Minnesota","Wright",2022,181,160,21,0,0,0,0,77,51,39,0,0,120,61,0
"Mississippi","Bolivar",2022,273,226,47,0,0,0,0,92,55,39,0,0,147,126,0
"Mississippi","DeSoto",2022,273,219,48,6,0,0,0,133,61,40,0,0,127,146,0
"Mississippi","Forrest",2022,273,211,61,1,0,0,0,105,58,37,0,0,0,273,0
"Mississippi","Hancock",2022,272,228,44,0,0,0,0,88,55,38,0,0,143,129,0
"Mississippi","Harrison",2022,273,214,59,0,0,0,0,100,57,39,0,0,139,134,0
"Mississippi","Hinds",2022,274,197,75,2,0,0,0,105,62,43,1,0,129,144,0
"Mississippi","Jackson",2022,273,225,47,1,0,0,0,101,58,39,0,1,173,99,0
"Mississippi","Lauderdale",2022,209,201,8,0,0,0,0,77,47,36,0,0,209,0,0
"Mississippi","Lee",2022,214,197,17,0,0,0,0,100,49,40,0,0,214,0,0
"Mississippi","Yalobusha",2022,228,217,11,0,0,0,0,100,47,35,0,0,228,0,0
"Missouri","Andrew",2022,122,105,17,0,0,0,0,71,51,43,0,0,122,0,0
"Missouri","Boone",2022,122,116,6,0,0,0,0,67,49,40,0,0,122,0,0
"Missouri","Buchanan",2022,181,155,24,2,0,0,0,106,53,29,0,0,0,102,79
"Missouri","Callaway",2022,122,110,12,0,0,0,0,74,50,41,0,0,122,0,0
"Missouri","Cass",2022,178,159,19,0,0,0,0,87,51,38,0,0,102,76,0
"Missouri","Cedar",2022,167,142,25,0,0,0,0,93,61,39,0,0,105,62,0
"Missouri","Clay",2022,181,151,30,0,0,0,0,93,61,39,0,0,112,69,0
"Missouri","Clinton",2022,122,104,18,0,0,0,0,80,58,43,0,0,122,0,0
"Missouri","Greene",2022,181,137,44,0,0,0,0,94,62,43,0,0,81,99,1
"Missouri","Jackson",2022,182,133,49,0,0,0,0,93,61,42,1,22,0,132,27
"Missouri","Jasper",2022,181,148,32,1,0,0,0,108,66,40,0,0,105,0,76
"Missouri","Jefferson",2022,176,130,44,2,0,0,0,108,64,42,0,0,98,54,24
"Missouri","Lincoln",2022,122,104,18,0,0,0,0,97,54,42,0,0,122,0,0
"Missouri","Monroe",2022,181,180,1,0,0,0,0,52,44,35,0,0,177,0,4
"Missouri","Perry",2022,122,99,23,0,0,0,0,97,74,43,0,0,122,0,0
"Missouri","Saint Charles",2022,122,98,17,7,0,0,0,129,74,43,0,0,122,0,0
"Missouri","Saint Louis",2022,181,148,32,1,0,0,0,112,61,41,0,15,109,57,0
"Missouri","Sainte Genevieve",2022,122,107,15,0,0,0,0,100,64,42,0,0,122,0,0
"Missouri","St. Louis City",2022,182,107,73,2,0,0,0,117,73,45,1,4,76,82,19
"Montana","Cascade",2022,239,235,4,0,0,0,0,54,27,15,0,0,0,239,0
"Montana","Custer",2022,242,231,11,0,0,0,0,80,47,41,0,1,220,19,2
"Montana","Fergus",2022,243,239,4,0,0,0,0,58,47,42,0,0,238,5,0
"Montana","Flathead",2022,243,219,24,0,0,0,0,69,50,38,0,0,153,56,34
"Montana","Gallatin",2022,243,233,10,0,0,0,0,73,38,23,0,2,0,241,0
"Montana","Lewis and Clark",2022,244,223,21,0,0,0,0,71,50,43,1,0,201,42,0
"Montana","Lincoln",2022,243,187,56,0,0,0,0,96,66,30,0,0,0,238,5
"Montana","Missoula",2022,243,162,77,4,0,0,0,140,71,43,0,0,140,103,0
"Montana","Phillips",2022,243,239,4,0,0,0,0,70,43,37,0,0,229,9,5
"Montana","Powder River",2022,243,210,33,0,0,0,0,84,51,40,0,0,209,17,17
"Montana","Ravalli",2022,243,231,12,0,0,0,0,76,40,18,0,0,0,243,0
"Montana","Richland",2022,239,233,6,0,0,0,0,55,46,40,0,0,219,16,4
"Montana","Sanders",2022,243,231,12,0,0,0,0,82,41,23,0,0,0,167,76
"Montana","Silver Bow",2022,243,217,25,1,0,0,0,102,51,19,0,0,0,134,109
"Montana","Yellowstone",2022,243,238,4,0,1,0,0,154,35,21,0,0,0,243,0
"Nebraska","Cass",2022,299,283,16,0,0,0,0,70,41,20,0,0,0,0,299
"Nebraska","Douglas",2022,274,225,48,1,0,0,0,108,56,41,1,0,234,30,9
"Nebraska","Gage",2022,165,156,9,0,0,0,0,78,43,20,0,0,0,165,0
"Nebraska","Hall",2022,293,277,16,0,0,0,0,81,44,21,0,0,0,293,0
"Nebraska","Knox",2022,240,210,30,0,0,0,0,100,54,39,0,0,240,0,0
"Nebraska","Lancaster",2022,228,221,7,0,0,0,0,61,45,37,0,0,206,22,0
"Nebraska","Sarpy",2022,257,243,14,0,0,0,0,93,44,23,0,0,0,257,0
"Nebraska","Scotts Bluff",2022,280,275,5,0,0,0,0,77,27,13,0,0,0,280,0
"Nebraska","Washington",2022,207,203,4,0,0,0,0,60,30,13,0,0,0,207,0
"Nevada","Carson City",2022,181,159,22,0,0,0,0,77,54,42,0,0,164,17,0
"Nevada","Churchill",2022,168,160,8,0,0,0,0,64,47,40,0,0,168,0,0
"Nevada","Clark",2022,182,53,121,6,1,1,0,260,90,63,1,2,107,48,24
"Nevada","Douglas",2022,181,174,7,0,0,0,0,57,37,13,0,0,0,181,0
"Nevada","Elko",2022,181,167,12,2,0,0,0,149,34,15,0,0,0,0,181
"Nevada","Lyon",2022,180,170,10,0,0,0,0,71,48,40,0,0,180,0,0
"Nevada","Nye",2022,174,142,22,6,3,1,0,294,69,22,0,0,0,0,174
"Nevada","Washoe",2022,182,130,52,0,0,0,0,87,64,47,1,3,147,29,2
"Nevada","White Pine",2022,186,154,32,0,0,0,0,87,54,44,0,0,186,0,0
"New Hampshire","Belknap",2022,181,177,4,0,0,0,0,58,44,34,0,0,122,59,0
"New Hampshire","Cheshire",2022,181,161,20,0,0,0,0,80,51,38,0,0,139,42,0
"New Hampshire","Coos",2022,181,176,5,0,0,0,0,64,46,41,0,0,181,0,0
"New Hampshire","Grafton",2022,181,175,6,0,0,0,0,80,46,37,0,0,158,23,0
"New Hampshire","Hillsborough",2022,181,171,10,0,0,0,0,74,48,41,0,0,177,4,0
"New Hampshire","Merrimack",2022,120,117,3,0,0,0,0,67,45,39,0,0,120,0,0
"New Hampshire","Rockingham",2022,182,168,14,0,0,0,0,90,49,40,1,0,158,23,0
"New Jersey","Atlantic",2022,269,257,11,0,1,0,0,176,46,34,0,0,231,38,0
"New Jersey","Bergen",2022,274,221,53,0,0,0,0,90,58,39,1,56,171,46,0
"New Jersey","Camden",2022,274,210,63,1,0,0,0,108,58,44,1,7,192,74,0
"New Jersey","Cumberland",2022,271,246,25,0,0,0,0,84,49,38,0,3,243,25,0
"New Jersey","Essex",2022,269,217,52,0,0,0,0,97,57,40,1,53,168,47,0
"New Jersey","Gloucester",2022,231,171,57,3,0,0,0,126,64,43,0,0,208,23,0
"New Jersey","Hudson",2022,274,212,60,2,0,0,0,115,59,41,1,49,167,57,0
"New Jersey","Hunterdon",2022,273,219,54,0,0,0,0,93,58,40,0,0,232,41,0
"New Jersey","Mercer",2022,273,217,53,3,0,0,0,119,61,42,0,0,226,47,0
"New Jersey","Middlesex",2022,273,228,44,1,0,0,0,101,58,40,0,9,224,40,0
"New Jersey","Monmouth",2022,214,193,19,1,1,0,0,161,50,39,0,0,214,0,0
"New Jersey","Morris",2022,266,236,30,0,0,0,0,84,51,39,0,5,251,10,0
"New Jersey","Ocean",2022,266,223,40,3,0,0,0,105,61,40,0,0,203,63,0
"New Jersey","Passaic",2022,213,201,12,0,0,0,0,74,49,37,0,0,213,0,0
"New Jersey","Union",2022,274,220,54,0,0,0,0,77,57,35,4,157,0,113,0
"New Jersey","Warren",2022,273,228,45,0,0,0,0,76,55,37,0,28,177,68,0
"New Mexico","Bernalillo",2022,182,65,110,5,1,0,1,331,84,54,1,0,103,32,46
"New Mexico","Dona Ana",2022,273,118,127,23,1,2,2,375,101,54,0,11,186,15,61
"New Mexico","Eddy",2022,212,111,80,21,0,0,0,150,100,49,0,0,212,0,0
"New Mexico","Lea",2022,181,124,53,4,0,0,0,126,67,45,0,2,135,44,0
"New Mexico","Luna",2022,181,143,30,5,2,0,1,775,61,22,0,0,0,0,181
"New Mexico","Rio Arriba",2022,228,203,24,1,0,0,0,105,51,43,0,0,228,0,0
"New Mexico","San Juan",2022,273,147,115,9,1,1,0,220,84,50,0,2,251,0,20
"New Mexico","Sandoval",2022,269,204,64,1,0,0,0,101,74,45,0,0,269,0,0
"New Mexico","Santa Fe",2022,181,146,35,0,0,0,0,97,59,45,0,0,167,14,0
"New Mexico","Taos",2022,177,159,18,0,0,0,0,84,52,19,0,0,0,177,0
"New Mexico","Valencia",2022,270,226,44,0,0,0,0,93,58,44,0,0,270,0,0
"New York","Albany",2022,273,240,33,0,0,0,0,87,52,38,0,0,210,63,0
"New York","Bronx",2022,274,210,63,1,0,0,0,101,61,42,1,42,171,60,0
"New York","Chautauqua",2022,269,244,21,4,0,0,0,140,50,39,0,0,263,6,0
"New York","Dutchess",2022,254,234,20,0,0,0,0,97,49,38,0,0,254,0,0
"New York","Erie",2022,274,219,53,2,0,0,0,150,58,39,1,6,162,104,1
"New York","Essex",2022,273,259,12,2,0,0,0,115,48,41,0,0,269,4,0
"New York","Hamilton",2022,260,255,5,0,0,0,0,71,44,36,0,0,260,0,0
"New York","Jefferson",2022,268,260,8,0,0,0,0,84,44,34,0,0,268,0,0
"New York","Kings",2022,272,228,44,0,0,0,0,79,54,31,0,0,0,272,0
"New York","Monroe",2022,274,235,37,2,0,0,0,126,54,38,1,0,210,63,0
"New York","Nassau",2022,269,261,8,0,0,0,0,58,43,20,0,0,0,269,0
"New York","New York",2022,274,207,66,1,0,0,0,105,59,41,1,0,175,98,0
"New York","Niagara",2022,268,250,17,1,0,0,0,133,48,37,0,0,268,0,0
"New York","Oneida",2022,257,251,6,0,0,0,0,81,38,18,0,0,0,257,0
"New York","Onondaga",2022,273,264,9,0,0,0,0,67,47,36,0,0,228,45,0
"New York","Orange",2022,271,249,22,0,0,0,0,65,48,35,0,0,127,144,0
"New York","Oswego",2022,262,257,5,0,0,0,0,58,44,35,0,0,262,0,0
"New York","Putnam",2022,249,227,22,0,0,0,0,100,50,37,0,0,249,0,0
"New York","Queens",2022,274,198,73,3,0,0,0,126,66,42,1,26,150,97,0
"New York","Richmond",2022,273,236,36,1,0,0,0,105,54,38,0,0,199,74,0
"New York","Rockland",2022,273,249,24,0,0,0,0,90,49,38,0,0,234,39,0
"New York","Saratoga",2022,272,264,8,0,0,0,0,74,44,35,0,0,272,0,0
"New York","Steuben",2022,274,259,15,0,0,0,0,67,47,37,1,0,228,45,0
"New York","Suffolk",2022,274,226,40,8,0,0,0,133,65,42,1,0,237,36,0
"New York","Tompkins",2022,239,227,12,0,0,0,0,67,46,39,0,0,239,0,0
"New York","Wayne",2022,262,252,9,1,0,0,0,101,45,35,0,0,262,0,0
"New York","Westchester",2022,273,236,37,0,0,0,0,100,54,38,0,0,237,36,0
"North Carolina","Alexander",2022,214,195,19,0,0,0,0,90,50,40,0,0,214,0,0
"North Carolina","Avery",2022,270,250,20,0,0,0,0,77,49,39,0,0,270,0,0
"North Carolina","Buncombe",2022,273,255,18,0,0,0,0,74,48,37,0,0,192,81,0
"North Carolina","Caldwell",2022,214,193,21,0,0,0,0,74,50,40,0,0,214,0,0
"North Carolina","Carteret",2022,239,227,12,0,0,0,0,77,46,38,0,0,239,0,0
"North Carolina","Caswell",2022,214,203,11,0,0,0,0,64,49,40,0,0,214,0,0
"North Carolina","Catawba",2022,178,143,35,0,0,0,0,78,56,35,0,0,0,178,0
"North Carolina","Cumberland",2022,273,219,53,1,0,0,0,115,60,41,0,0,201,69,3
"North Carolina","Davidson",2022,178,148,30,0,0,0,0,80,55,35,0,0,0,178,0
"North Carolina","Durham",2022,273,251,22,0,0,0,0,93,49,40,0,0,189,83,1
"North Carolina","Edgecombe",2022,264,245,19,0,0,0,0,93,49,38,0,0,204,60,0
"North Carolina","Forsyth",2022,243,184,58,1,0,0,0,137,59,44,0,3,151,89,0
"North Carolina","Graham",2022,213,173,37,3,0,0,0,112,61,43,0,0,213,0,0
"North Carolina","Granville",2022,213,192,20,1,0,0,0,112,50,42,0,0,213,0,0
"North Carolina","Guilford",2022,273,216,57,0,0,0,0,84,54,43,0,0,187,84,2
"North Carolina","Haywood",2022,214,174,39,1,0,0,0,108,58,44,0,0,214,0,0
"North Carolina","Johnston",2022,273,245,27,1,0,0,0,140,51,39,0,0,193,80,0
"North Carolina","Lenoir",2022,210,186,23,1,0,0,0,108,54,39,0,0,210,0,0
"North Carolina","Lincoln",2022,213,173,39,1,0,0,0,108,58,44,0,0,213,0,0
"North Carolina","Macon",2022,240,229,11,0,0,0,0,97,47,33,0,0,240,0,0
"North Carolina","Martin",2022,258,251,7,0,0,0,0,80,44,35,0,0,213,0,45
"North Carolina","Mecklenburg",2022,274,205,67,2,0,0,0,119,67,44,1,2,191,80,0
"North Carolina","Mitchell",2022,172,163,9,0,0,0,0,65,45,24,0,0,0,172,0
"North Carolina","Montgomery",2022,240,217,23,0,0,0,0,80,50,38,0,0,201,39,0
"North Carolina","New Hanover",2022,271,253,18,0,0,0,0,80,47,36,0,0,191,80,0
"North Carolina","Northampton",2022,254,239,15,0,0,0,0,65,45,19,0,74,0,180,0
"North Carolina","Person",2022,212,198,14,0,0,0,0,90,49,41,0,0,212,0,0
"North Carolina","Pitt",2022,273,255,18,0,0,0,0,97,48,37,0,0,203,70,0
"North Carolina","Rockingham",2022,208,188,20,0,0,0,0,80,50,42,0,0,208,0,0
"North Carolina","Rowan",2022,273,223,50,0,0,0,0,87,55,44,0,0,212,61,0
"North Carolina","Swain",2022,271,251,20,0,0,0,0,80,48,35,0,0,202,69,0
"North Carolina","Union",2022,213,187,26,0,0,0,0,100,51,42,0,0,213,0,0
"North Carolina","Wake",2022,274,226,47,1,0,0,0,122,54,42,1,0,203,70,0
"North Carolina","Yancey",2022,211,172,39,0,0,0,0,93,61,44,0,0,211,0,0
"North Dakota","Billings",2022,241,239,2,0,0,0,0,54,44,38,0,0,225,16,0
"North Dakota","Burke",2022,240,230,10,0,0,0,0,77,46,39,0,0,207,33,0
"North Dakota","Burleigh",2022,244,223,21,0,0,0,0,87,48,32,1,4,136,99,4
"North Dakota","Cass",2022,243,226,17,0,0,0,0,71,48,37,0,5,188,50,0
"North Dakota","Dunn",2022,240,232,8,0,0,0,0,64,46,37,0,0,211,28,1
"North Dakota","McKenzie",2022,210,206,4,0,0,0,0,61,45,35,0,0,191,19,0
"North Dakota","Mercer",2022,243,236,7,0,0,0,0,71,44,35,0,1,208,34,0
"North Dakota","Oliver",2022,242,214,28,0,0,0,0,84,52,39,0,0,187,55,0
"North Dakota","Ward",2022,238,232,6,0,0,0,0,66,44,37,0,0,212,26,0
"Ohio","Allen",2022,243,199,44,0,0,0,0,97,58,40,0,0,171,72,0
"Ohio","Ashtabula",2022,178,152,21,5,0,0,0,133,58,40,0,0,178,0,0
"Ohio","Athens",2022,80,77,3,0,0,0,0,63,40,23,0,0,0,80,0
"Ohio","Belmont",2022,240,231,9,0,0,0,0,61,35,15,0,171,0,64,5
"Ohio","Butler",2022,273,169,100,4,0,0,0,119,68,46,0,0,148,119,6
"Ohio","Clark",2022,272,203,68,1,0,0,0,129,61,42,0,0,164,108,0
"Ohio","Clermont",2022,273,216,56,1,0,0,0,129,55,41,0,0,165,108,0
"Ohio","Clinton",2022,214,187,26,1,0,0,0,140,54,41,0,0,214,0,0
"Ohio","Columbiana",2022,40,40,0,0,0,0,0,40,28,16,0,0,0,0,40
"Ohio","Cuyahoga",2022,244,143,95,5,1,0,0,156,74,46,3,7,117,112,5
"Ohio","Delaware",2022,183,169,14,0,0,0,0,100,48,38,0,0,183,0,0
"Ohio","Fayette",2022,128,126,2,0,0,0,0,64,46,35,0,0,128,0,0
"Ohio","Franklin",2022,244,182,60,2,0,0,0,143,65,43,1,2,152,88,1
"Ohio","Geauga",2022,177,151,24,2,0,0,0,119,58,41,0,0,177,0,0
"Ohio","Greene",2022,211,179,31,1,0,0,0,119,54,40,0,0,211,0,0
"Ohio","Hamilton",2022,274,151,119,3,1,0,0,151,71,48,1,17,121,135,0
"Ohio","Harrison",2022,37,34,3,0,0,0,0,67,49,25,0,0,0,37,0
"Ohio","Jefferson",2022,243,153,90,0,0,0,0,97,65,45,0,0,89,154,0
"Ohio","Knox",2022,184,166,17,1,0,0,0,119,50,41,0,0,184,0,0
"Ohio","Lake",2022,243,197,42,4,0,0,0,150,64,40,0,0,174,67,2
"Ohio","Lawrence",2022,239,203,36,0,0,0,0,74,54,40,0,0,135,104,0
"Ohio","Licking",2022,184,165,17,2,0,0,0,115,51,40,0,0,184,0,0
"Ohio","Lorain",2022,182,167,14,1,0,0,0,115,48,37,0,0,182,0,0
"Ohio","Lucas",2022,240,190,45,5,0,0,0,119,67,41,0,0,156,84,0
"Ohio","Madison",2022,183,161,22,0,0,0,0,90,54,40,0,0,183,0,0
"Ohio","Mahoning",2022,227,183,41,3,0,0,0,129,58,42,0,0,139,88,0
"Ohio","Medina",2022,253,213,38,2,0,0,0,126,58,40,0,0,174,79,0
"Ohio","Miami",2022,214,186,26,2,0,0,0,122,51,40,0,0,214,0,0
"Ohio","Montgomery",2022,273,201,70,2,0,0,0,126,60,42,0,0,164,109,0
"Ohio","Noble",2022,227,203,24,0,0,0,0,93,51,39,0,0,227,0,0
"Ohio","Portage",2022,211,170,37,3,1,0,0,159,64,42,0,0,180,31,0
"Ohio","Preble",2022,274,227,45,2,0,0,0,136,58,41,2,0,193,79,0
"Ohio","Scioto",2022,243,234,9,0,0,0,0,71,34,14,0,0,0,78,165
"Ohio","Stark",2022,253,187,64,2,0,0,0,136,64,44,0,0,139,114,0
"Ohio","Summit",2022,253,192,58,3,0,0,0,133,60,41,0,0,153,100,0
"Ohio","Trumbull",2022,240,196,42,2,0,0,0,136,58,41,0,0,164,76,0
"Ohio","Warren",2022,273,210,60,3,0,0,0,133,64,41,0,0,181,92,0
"Ohio","Washington",2022,184,162,22,0,0,0,0,84,54,41,0,0,184,0,0
"Ohio","Wood",2022,181,159,22,0,0,0,0,97,54,39,0,0,181,0,0
"Oklahoma","Adair",2022,182,155,25,2,0,0,0,119,55,42,1,0,138,43,0
"Oklahoma","Canadian",2022,224,163,58,3,0,0,0,108,71,44,0,0,224,0,0
"Oklahoma","Carter",2022,251,225,26,0,0,0,0,83,52,29,0,0,0,251,0
"Oklahoma","Cleveland",2022,271,175,92,4,0,0,0,105,71,45,0,0,159,112,0
"Oklahoma","Comanche",2022,273,182,89,2,0,0,0,126,71,45,0,0,181,92,0
"Oklahoma","Creek",2022,214,162,50,2,0,0,0,112,74,45,0,0,214,0,0
"Oklahoma","Dewey",2022,266,178,85,3,0,0,0,129,71,46,0,0,173,93,0
"Oklahoma","Kay",2022,269,233,36,0,0,0,0,92,53,33,0,0,0,269,0
"Oklahoma","Kiowa",2022,196,130,64,2,0,0,0,115,80,47,0,0,196,0,0
"Oklahoma","Love",2022,215,139,69,7,0,0,0,150,77,47,0,0,215,0,0
"Oklahoma","Mayes",2022,120,112,7,1,0,0,0,112,47,38,0,0,120,0,0
"Oklahoma","McClain",2022,216,150,63,3,0,0,0,119,71,46,0,0,216,0,0
"Oklahoma","Nowata",2022,257,113,137,7,0,0,0,139,83,52,0,0,128,129,0
"Oklahoma","Oklahoma",2022,274,153,116,5,0,0,0,129,77,49,1,16,151,100,6
"Oklahoma","Osage",2022,226,163,56,5,2,0,0,172,77,44,0,0,226,0,0
"Oklahoma","Ottawa",2022,181,134,40,3,4,0,0,176,64,43,0,0,71,110,0
"Oklahoma","Pittsburg",2022,256,195,57,4,0,0,0,139,61,43,0,0,145,111,0
"Oklahoma","Pontotoc",2022,61,50,11,0,0,0,0,90,58,44,0,0,45,16,0
"Oklahoma","Sequoyah",2022,189,159,28,2,0,0,0,122,56,38,0,7,82,100,0
"Oklahoma","Tulsa",2022,274,161,102,9,2,0,0,185,80,47,1,1,186,85,1
"Oregon","Baker",2022,181,158,22,1,0,0,0,105,54,18,0,0,0,181,0
"Oregon","Benton",2022,181,170,11,0,0,0,0,64,43,16,0,0,0,181,0
"Oregon","Clackamas",2022,179,178,1,0,0,0,0,55,39,23,0,0,61,118,0
"Oregon","Columbia",2022,181,180,1,0,0,0,0,51,38,25,0,0,59,122,0
"Oregon","Crook",2022,175,169,6,0,0,0,0,66,37,12,0,0,0,175,0
"Oregon","Deschutes",2022,181,171,9,0,1,0,0,153,32,13,0,0,0,181,0
"Oregon","Douglas",2022,46,31,15,0,0,0,0,64,57,42,0,0,0,46,0
"Oregon","Grant",2022,181,123,58,0,0,0,0,89,69,35,0,0,0,181,0
"Oregon","Harney",2022,181,146,35,0,0,0,0,96,59,25,0,0,0,181,0
"Oregon","Jackson",2022,181,157,24,0,0,0,0,73,54,34,0,0,59,122,0
"Oregon","Jefferson",2022,181,163,18,0,0,0,0,76,50,14,0,0,0,181,0
"Oregon","Josephine",2022,181,138,41,2,0,0,0,125,75,20,0,0,0,181,0
"Oregon","Klamath",2022,181,144,36,1,0,0,0,103,59,19,0,0,0,181,0
"Oregon","Lake",2022,181,164,17,0,0,0,0,91,45,14,0,0,0,177,4
"Oregon","Lane",2022,181,99,51,14,17,0,0,196,137,43,0,0,17,164,0
"Oregon","Linn",2022,181,162,19,0,0,0,0,70,52,20,0,0,0,181,0
"Oregon","Marion",2022,181,157,24,0,0,0,0,91,53,30,0,0,60,121,0
"Oregon","Multnomah",2022,182,167,15,0,0,0,0,73,45,33,1,1,128,52,0
"Oregon","Umatilla",2022,181,168,13,0,0,0,0,94,48,31,0,0,58,123,0
"Oregon","Union",2022,181,171,10,0,0,0,0,70,38,16,0,0,0,178,3
"Oregon","Wallowa",2022,179,166,13,0,0,0,0,64,48,18,0,0,0,179,0
"Oregon","Wasco",2022,161,161,0,0,0,0,0,38,18,12,0,0,0,161,0
"Oregon","Washington",2022,182,159,23,0,0,0,0,73,52,30,1,7,110,64,0
"Pennsylvania","Adams",2022,305,247,58,0,0,0,0,97,55,41,7,55,166,77,0
"Pennsylvania","Allegheny",2022,182,95,83,4,0,0,0,129,81,49,1,0,84,97,0
"Pennsylvania","Armstrong",2022,243,164,77,2,0,0,0,122,62,44,0,0,93,150,0
"Pennsylvania","Beaver",2022,303,225,77,1,0,0,0,112,62,39,0,31,85,154,33
"Pennsylvania","Berks",2022,243,199,43,1,0,0,0,101,60,38,0,0,100,143,0
"Pennsylvania","Blair",2022,219,177,42,0,0,0,0,97,54,40,0,0,89,130,0
"Pennsylvania","Bradford",2022,284,262,22,0,0,0,0,80,48,33,0,43,110,131,0
"Pennsylvania","Bucks",2022,122,104,17,1,0,0,0,101,58,41,0,0,122,0,0
"Pennsylvania","Cambria",2022,303,219,83,1,0,0,0,119,61,40,4,49,74,163,13
"Pennsylvania","Centre",2022,302,263,39,0,0,0,0,84,53,39,0,59,181,62,0
"Pennsylvania","Chester",2022,107,103,4,0,0,0,0,80,46,37,0,0,107,0,0
"Pennsylvania","Clearfield",2022,105,102,3,0,0,0,0,97,44,37,0,0,105,0,0
"Pennsylvania","Cumberland",2022,238,198,40,0,0,0,0,91,55,33,0,0,0,238,0
"Pennsylvania","Dauphin",2022,304,236,66,2,0,0,0,112,59,38,0,0,86,155,63
"Pennsylvania","Delaware",2022,287,218,68,1,0,0,0,101,60,38,0,44,44,199,0
"Pennsylvania","Elk",2022,241,231,9,1,0,0,0,101,48,37,0,0,241,0,0
"Pennsylvania","Erie",2022,304,279,25,0,0,0,0,90,47,31,2,32,85,151,34
"Pennsylvania","Fayette",2022,283,244,39,0,0,0,0,87,53,37,0,51,100,132,0
"Pennsylvania","Franklin",2022,115,105,10,0,0,0,0,84,49,41,0,0,115,0,0
"Pennsylvania","Greene",2022,233,205,28,0,0,0,0,100,52,37,0,0,103,130,0
"Pennsylvania","Indiana",2022,243,212,30,1,0,0,0,105,52,39,0,0,95,148,0
"Pennsylvania","Lackawanna",2022,303,272,31,0,0,0,0,71,51,35,3,94,98,105,3
"Pennsylvania","Lancaster",2022,304,168,134,1,1,0,0,152,71,48,0,0,43,200,61
"Pennsylvania","Lawrence",2022,119,105,12,2,0,0,0,126,58,40,0,0,119,0,0
"Pennsylvania","Lebanon",2022,242,197,44,1,0,0,0,101,57,38,0,0,87,155,0
"Pennsylvania","Lehigh",2022,297,257,40,0,0,0,0,87,54,31,0,0,78,143,76
"Pennsylvania","Luzerne",2022,117,113,4,0,0,0,0,74,47,39,0,0,117,0,0
"Pennsylvania","Lycoming",2022,243,211,32,0,0,0,0,78,54,38,0,0,99,144,0
"Pennsylvania","Mercer",2022,243,214,26,3,0,0,0,136,52,39,0,0,231,12,0
"Pennsylvania","Monroe",2022,103,93,10,0,0,0,0,74,50,42,0,0,103,0,0
"Pennsylvania","Montgomery",2022,243,193,49,1,0,0,0,108,60,39,0,0,98,145,0
"Pennsylvania","Northampton",2022,285,272,13,0,0,0,0,93,46,26,0,172,113,0,0
"Pennsylvania","Philadelphia",2022,182,116,65,1,0,0,0,105,67,46,1,16,89,76,0
"Pennsylvania","Somerset",2022,238,229,9,0,0,0,0,90,46,37,0,0,238,0,0
"Pennsylvania","Susquehanna",2022,238,227,11,0,0,0,0,63,45,26,0,0,0,238,0
"Pennsylvania","Tioga",2022,276,256,20,0,0,0,0,77,47,33,0,40,110,126,0
"Pennsylvania","Washington",2022,302,260,42,0,0,0,0,87,53,38,0,75,97,130,0
"Pennsylvania","Westmoreland",2022,243,209,34,0,0,0,0,73,53,37,0,0,75,168,0
"Pennsylvania","Wyoming",2022,238,226,12,0,0,0,0,60,43,27,0,0,0,238,0
"Pennsylvania","York",2022,298,230,67,1,0,0,0,105,61,40,0,57,101,140,0
"Puerto Rico","Bayamon",2022,178,174,4,0,0,0,0,75,25,14,77,0,60,41,0
"Puerto Rico","Caguas",2022,181,174,5,0,0,2,0,231,22,9,15,116,0,50,0
"Puerto Rico","Catano",2022,146,127,19,0,0,0,0,84,56,23,0,0,0,113,33
"Puerto Rico","Fajardo",2022,64,59,5,0,0,0,0,75,35,19,0,0,0,48,16
"Puerto Rico","Guayama",2022,55,52,3,0,0,0,0,63,34,15,0,0,0,32,23
"Puerto Rico","Guaynabo",2022,69,64,5,0,0,0,0,77,46,21,0,0,0,48,21
"Puerto Rico","Mayagnez",2022,166,141,21,3,1,0,0,154,57,32,0,0,56,110,0
"Puerto Rico","Ponce",2022,168,156,12,0,0,0,0,99,45,19,44,0,0,30,94
"Rhode Island","Kent",2022,210,199,11,0,0,0,0,100,47,36,0,0,147,63,0
"Rhode Island","Providence",2022,213,183,29,1,0,0,0,108,55,40,1,3,159,50,0
"Rhode Island","Washington",2022,212,189,21,2,0,0,0,129,51,37,0,0,146,66,0
"South Carolina","Aiken",2022,204,181,23,0,0,0,0,87,51,37,0,0,204,0,0
"South Carolina","Anderson",2022,179,165,14,0,0,0,0,74,48,40,0,0,179,0,0
"South Carolina","Berkeley",2022,173,160,13,0,0,0,0,80,50,37,0,0,173,0,0
"South Carolina","Charleston",2022,273,226,47,0,0,0,0,84,54,39,0,1,117,155,0
"South Carolina","Chesterfield",2022,240,207,33,0,0,0,0,97,53,37,0,0,154,86,0
"South Carolina","Darlington",2022,197,181,16,0,0,0,0,84,49,38,0,0,197,0,0
"South Carolina","Edgefield",2022,252,228,24,0,0,0,0,71,50,37,0,0,178,74,0
"South Carolina","Florence",2022,222,201,21,0,0,0,0,62,50,32,0,0,0,222,0
"South Carolina","Greenville",2022,262,186,76,0,0,0,0,90,61,43,0,0,140,122,0
"South Carolina","Horry",2022,194,178,16,0,0,0,0,93,50,39,0,0,194,0,0
"South Carolina","Lexington",2022,272,246,26,0,0,0,0,70,48,31,0,0,0,271,1
"South Carolina","Richland",2022,255,218,37,0,0,0,0,93,54,40,0,5,211,39,0
"South Carolina","Spartanburg",2022,271,221,50,0,0,0,0,87,56,43,0,0,152,119,0
"South Carolina","York",2022,188,167,21,0,0,0,0,90,51,39,0,0,188,0,0
"South Dakota","Brookings",2022,180,162,18,0,0,0,0,87,51,35,0,0,138,23,19
"South Dakota","Brown",2022,177,174,3,0,0,0,0,66,33,18,0,0,0,96,81
"South Dakota","Clay",2022,181,174,7,0,0,0,0,84,47,36,0,0,132,49,0
"South Dakota","Codington",2022,181,157,23,1,0,0,0,101,54,37,0,0,141,34,6
"South Dakota","Custer",2022,181,169,12,0,0,0,0,80,49,41,0,0,171,8,2
"South Dakota","Hughes",2022,178,175,3,0,0,0,0,58,19,3,0,0,0,178,0
"South Dakota","Jackson",2022,181,171,10,0,0,0,0,97,47,40,0,0,162,17,2
"South Dakota","Meade",2022,180,180,0,0,0,0,0,49,44,39,0,0,177,0,3
"South Dakota","Minnehaha",2022,182,159,23,0,0,0,0,100,51,37,1,0,152,20,9
"South Dakota","Pennington",2022,181,138,42,1,0,0,0,116,64,30,0,15,0,62,104
"Tennessee","Anderson",2022,122,107,15,0,0,0,0,80,54,43,0,0,122,0,0
"Tennessee","Blount",2022,213,175,37,1,0,0,0,115,61,43,1,0,183,29,0
"Tennessee","Claiborne",2022,241,233,8,0,0,0,0,74,45,36,0,0,241,0,0
"Tennessee","Davidson",2022,274,178,94,2,0,0,0,143,65,44,1,13,124,136,0
"Tennessee","DeKalb",2022,237,226,11,0,0,0,0,100,47,36,0,0,237,0,0
"Tennessee","Dyer",2022,181,163,17,1,0,0,0,102,50,27,0,0,0,181,0
"Tennessee","Hamilton",2022,285,199,85,1,0,0,0,105,64,44,0,0,150,135,0
"Tennessee","Jefferson",2022,121,105,16,0,0,0,0,87,54,43,0,0,121,0,0
"Tennessee","Knox",2022,273,197,76,0,0,0,0,74,59,42,0,0,124,149,0
"Tennessee","Lawrence",2022,179,167,12,0,0,0,0,80,45,19,0,0,0,179,0
"Tennessee","Loudon",2022,181,159,22,0,0,0,0,77,51,38,0,0,92,89,0
"Tennessee","Madison",2022,175,152,22,1,0,0,0,102,53,30,0,0,0,175,0
"Tennessee","Maury",2022,175,159,16,0,0,0,0,79,49,23,0,0,0,175,0
"Tennessee","McMinn",2022,174,152,22,0,0,0,0,70,53,30,0,0,0,174,0
"Tennessee","Montgomery",2022,176,160,16,0,0,0,0,85,49,25,0,0,0,176,0
"Tennessee","Putnam",2022,181,168,13,0,0,0,0,79,45,25,0,0,0,181,0
"Tennessee","Roane",2022,156,144,12,0,0,0,0,75,45,30,0,0,0,156,0
"Tennessee","Sevier",2022,210,174,36,0,0,0,0,93,58,44,0,0,210,0,0
"Tennessee","Shelby",2022,182,131,45,6,0,0,0,129,87,43,1,2,128,50,1
"Tennessee","Sullivan",2022,180,154,26,0,0,0,0,87,54,41,0,0,108,72,0
"Tennessee","Sumner",2022,181,143,38,0,0,0,0,93,58,39,0,0,89,92,0
"Tennessee","Williamson",2022,122,96,24,2,0,0,0,122,64,44,0,0,122,0,0
"Tennessee","Wilson",2022,121,105,15,1,0,0,0,122,54,41,0,0,121,0,0
"Texas","Atascosa",2022,172,128,42,2,0,0,0,115,63,36,0,0,0,172,0
"Texas","Bell",2022,243,179,61,3,0,0,0,129,73,44,0,0,182,61,0
"Texas","Bexar",2022,213,109,101,3,0,0,0,129,76,50,1,1,97,113,1
"Texas","Bowie",2022,210,150,60,0,0,0,0,99,62,42,0,0,0,210,0
"Texas","Brazoria",2022,212,187,24,1,0,0,0,105,54,35,0,2,210,0,0
"Texas","Brazos",2022,224,197,27,0,0,0,0,93,52,31,0,0,0,224,0
"Texas","Brewster",2022,207,167,40,0,0,0,0,87,58,44,0,0,179,28,0
"Texas","Cameron",2022,212,124,85,3,0,0,0,120,71,47,0,0,66,146,0
"Texas","Collin",2022,212,169,38,5,0,0,0,143,74,42,0,0,212,0,0
"Texas","Dallas",2022,213,137,64,12,0,0,0,148,77,46,1,12,129,70,1
"Texas","Denton",2022,212,128,70,13,1,0,0,187,93,46,0,0,183,29,0
"Texas","Ector",2022,243,201,42,0,0,0,0,93,54,31,0,0,0,243,0
"Texas","El Paso",2022,213,75,123,14,1,0,0,163,94,56,1,10,117,74,11
"Texas","Ellis",2022,212,184,28,0,0,0,0,93,56,40,0,8,183,21,0
"Texas","Galveston",2022,212,164,44,3,1,0,0,159,64,43,0,1,125,86,0
"Texas","Gregg",2022,212,190,21,1,0,0,0,143,51,37,0,1,211,0,0
"Texas","Harris",2022,213,64,138,9,2,0,0,179,84,55,1,7,71,123,11
"Texas","Harrison",2022,176,112,59,4,1,0,0,173,67,47,0,1,84,91,0
"Texas","Hidalgo",2022,212,137,72,3,0,0,0,136,70,45,0,0,63,148,1
"Texas","Hood",2022,209,175,28,6,0,0,0,150,64,40,0,0,209,0,0
"Texas","Hunt",2022,205,189,16,0,0,0,0,97,50,38,0,3,202,0,0
"Texas","Jefferson",2022,212,154,55,3,0,0,0,112,67,44,0,0,123,89,0
"Texas","Johnson",2022,210,167,35,8,0,0,0,143,74,43,0,0,210,0,0
"Texas","Karnes",2022,209,209,0,0,0,0,0,34,18,5,0,209,0,0,0
"Texas","Kaufman",2022,212,158,52,2,0,0,0,112,67,44,0,1,162,49,0
"Texas","Kleberg",2022,174,109,61,4,0,0,0,133,66,40,0,0,0,174,0
"Texas","Lubbock",2022,229,203,24,2,0,0,0,138,52,22,0,0,0,229,0
"Texas","Maverick",2022,203,157,45,1,0,0,0,107,62,32,0,0,0,203,0
"Texas","McLennan",2022,243,185,58,0,0,0,0,100,64,42,4,0,155,84,0
"Texas","Montgomery",2022,211,137,71,3,0,0,0,126,77,45,0,1,132,78,0
"Texas","Navarro",2022,212,164,47,1,0,0,0,101,64,43,0,3,154,55,0
"Texas","Nueces",2022,181,121,59,1,0,0,0,106,63,45,0,0,84,97,0
"Texas","Orange",2022,212,171,39,2,0,0,0,108,58,40,0,3,130,79,0
"Texas","Parker",2022,210,173,30,7,0,0,0,147,61,41,0,0,210,0,0
"Texas","Polk",2022,241,232,9,0,0,0,0,97,46,33,0,0,241,0,0
"Texas","Potter",2022,243,225,17,1,0,0,0,108,46,24,0,0,0,243,0
"Texas","Randall",2022,220,148,69,3,0,0,0,122,80,46,0,0,220,0,0
"Texas","Rockwall",2022,208,194,14,0,0,0,0,77,48,35,0,0,208,0,0
"Texas","Smith",2022,210,165,39,6,0,0,0,122,67,42,0,16,194,0,0
"Texas","Tarrant",2022,213,122,76,13,2,0,0,172,90,47,1,12,138,62,0
"Texas","Travis",2022,244,161,81,2,0,0,0,115,73,45,1,6,124,113,0
"Texas","Victoria",2022,171,166,5,0,0,0,0,67,46,34,0,0,171,0,0
"Texas","Webb",2022,208,138,68,2,0,0,0,114,72,42,0,0,0,201,7
"Texas","Wilson",2022,176,176,0,0,0,0,0,44,21,8,0,176,0,0,0
"Utah","Box Elder",2022,62,61,1,0,0,0,0,82,45,41,0,2,60,0,0
"Utah","Cache",2022,304,221,80,2,1,0,0,154,67,44,0,0,229,75,0
"Utah","Carbon",2022,272,234,38,0,0,0,0,74,54,44,0,1,261,10,0
"Utah","Davis",2022,304,190,105,9,0,0,0,147,87,46,0,24,242,38,0
"Utah","Duchesne",2022,273,166,105,1,1,0,0,177,67,48,0,0,250,13,10
"Utah","Garfield",2022,261,217,44,0,0,0,0,93,58,44,0,0,261,0,0
"Utah","Iron",2022,304,257,47,0,0,0,0,80,54,43,0,11,280,13,0
"Utah","Salt Lake",2022,305,150,135,20,0,0,0,147,97,51,1,29,195,68,12
"Utah","San Juan",2022,211,169,42,0,0,0,0,84,61,44,0,0,211,0,0
"Utah","Tooele",2022,304,221,79,4,0,0,0,119,68,43,0,1,224,79,0
"Utah","Uintah",2022,304,227,77,0,0,0,0,93,64,46,0,1,299,4,0
"Utah","Utah",2022,273,171,99,3,0,0,0,119,75,47,0,4,211,48,10
"Utah","Washington",2022,273,202,71,0,0,0,0,97,64,46,0,0,262,11,0
"Utah","Weber",2022,305,181,120,4,0,0,0,121,74,47,1,10,228,59,7
"Vermont","Bennington",2022,181,171,10,0,0,0,0,67,47,38,0,0,159,22,0
"Vermont","Chittenden",2022,182,166,16,0,0,0,0,89,49,42,1,0,151,30,0
"Vermont","Rutland",2022,182,154,28,0,0,0,0,71,52,38,1,0,127,54,0
"Virginia","Albemarle",2022,206,185,21,0,0,0,0,67,51,39,0,0,99,107,0
"Virginia","Alexandria City",2022,4,4,0,0,0,0,0,8,8,6,0,0,0,0,4
"Virginia","Arlington",2022,254,236,18,0,0,0,0,100,48,34,43,22,147,42,0
"Virginia","Bristol City",2022,86,82,4,0,0,0,0,62,45,26,0,0,0,86,0
"Virginia","Caroline",2022,121,114,7,0,0,0,0,67,48,39,0,0,121,0,0
"Virginia","Carroll",2022,44,44,0,0,0,0,0,23,13,8,0,0,0,0,44
"Virginia","Charles",2022,212,201,11,0,0,0,0,74,47,34,0,44,116,52,0
"Virginia","Chesterfield",2022,173,165,8,0,0,0,0,80,48,38,0,0,119,54,0
"Virginia","Fairfax",2022,253,221,32,0,0,0,0,87,52,37,42,17,99,95,0
"Virginia","Fauquier",2022,121,114,7,0,0,0,0,71,48,37,0,0,121,0,0
"Virginia","Frederick",2022,208,172,36,0,0,0,0,88,54,38,0,0,98,110,0
"Virginia","Giles",2022,239,211,28,0,0,0,0,100,51,40,0,0,239,0,0
"Virginia","Hampton City",2022,245,225,20,0,0,0,0,77,49,36,58,0,104,83,0
"Virginia","Hanover",2022,116,109,7,0,0,0,0,71,49,41,0,0,116,0,0
"Virginia","Henrico",2022,254,225,28,1,0,0,0,112,52,38,42,1,114,96,1
"Virginia","Hopewell City",2022,42,42,0,0,0,0,0,23,12,8,0,0,0,0,42
"Virginia","Loudoun",2022,206,187,17,2,0,0,0,112,50,37,0,4,171,31,0
"Virginia","Lynchburg City",2022,87,86,1,0,0,0,0,55,41,23,0,0,0,87,0
"Virginia","Madison",2022,205,184,21,0,0,0,0,93,51,42,0,0,200,5,0
"Virginia","Norfolk City",2022,256,253,3,0,0,0,0,62,35,14,42,137,0,73,4
"Virginia","Pittsylvania",2022,180,180,0,0,0,0,0,28,8,3,0,180,0,0,0
"Virginia","Prince Edward",2022,232,225,7,0,0,0,0,54,47,36,0,0,232,0,0
"Virginia","Prince William",2022,166,155,11,0,0,0,0,93,48,38,0,0,166,0,0
"Virginia","Richmond City",2022,254,234,20,0,0,0,0,63,48,30,44,67,0,143,0
"Virginia","Roanoke",2022,245,219,26,0,0,0,0,80,51,37,65,2,94,84,0
"Virginia","Rockbridge",2022,122,119,3,0,0,0,0,71,47,40,0,0,122,0,0
"Virginia","Rockingham",2022,206,195,11,0,0,0,0,74,47,36,0,47,113,46,0
"Virginia","Salem City",2022,90,86,4,0,0,0,0,62,45,26,0,0,0,90,0
"Virginia","Stafford",2022,195,185,10,0,0,0,0,74,47,37,0,0,180,0,15
"Virginia","Suffolk City",2022,122,114,7,1,0,0,0,115,48,41,0,0,122,0,0
"Virginia","Virginia Beach City",2022,85,81,4,0,0,0,0,59,40,26,0,0,0,85,0
"Virginia","Wythe",2022,122,109,13,0,0,0,0,77,51,43,0,0,122,0,0
"Washington","Adams",2022,212,212,0,0,0,0,0,36,18,11,0,0,0,212,0
"Washington","Asotin",2022,205,176,29,0,0,0,0,84,54,27,0,0,0,205,0
"Washington","Benton",2022,212,197,15,0,0,0,0,100,46,34,0,0,101,69,42
"Washington","Chelan",2022,212,199,13,0,0,0,0,70,45,18,0,0,0,212,0
"Washington","Clallam",2022,212,205,7,0,0,0,0,67,44,35,0,0,171,41,0
"Washington","Clark",2022,212,191,21,0,0,0,0,74,50,28,0,0,67,145,0
"Washington","Columbia",2022,243,239,4,0,0,0,0,58,44,36,0,0,224,19,0
"Washington","Cowlitz",2022,210,209,1,0,0,0,0,54,28,13,0,0,0,210,0
"Washington","Franklin",2022,175,174,1,0,0,0,0,59,24,12,0,0,0,175,0
"Washington","Garfield",2022,182,178,4,0,0,0,0,71,27,13,0,0,0,182,0
"Washington","Grant",2022,212,206,6,0,0,0,0,63,33,17,0,0,0,212,0
"Washington","Grays Harbor",2022,212,211,1,0,0,0,0,63,23,14,0,0,0,212,0
"Washington","Jefferson",2022,212,211,1,0,0,0,0,53,25,15,0,0,0,212,0
"Washington","King",2022,213,176,31,6,0,0,0,143,57,37,1,22,116,74,0
"Washington","Kitsap",2022,207,202,5,0,0,0,0,55,36,19,0,0,0,207,0
"Washington","Kittitas",2022,210,183,26,0,1,0,0,151,54,15,0,0,0,210,0
"Washington","Lewis",2022,212,205,7,0,0,0,0,64,40,16,0,0,0,212,0
"Washington","Mason",2022,212,201,11,0,0,0,0,62,34,16,0,0,0,212,0
"Washington","Okanogan",2022,212,157,54,1,0,0,0,102,60,28,0,0,0,212,0
"Washington","Pend Oreille",2022,209,204,5,0,0,0,0,62,38,18,0,0,0,209,0
"Washington","Pierce",2022,212,183,28,1,0,0,0,107,54,42,0,1,163,48,0
"Washington","Skagit",2022,212,204,7,1,0,0,0,101,40,31,0,0,145,67,0
"Washington","Snohomish",2022,212,172,39,1,0,0,0,106,59,24,0,0,0,212,0
"Washington","Spokane",2022,212,195,17,0,0,0,0,66,48,36,0,0,111,96,5
"Washington","Stevens",2022,212,168,43,1,0,0,0,103,60,21,0,0,0,152,60
"Washington","Thurston",2022,212,210,2,0,0,0,0,55,38,22,0,0,85,127,0
"Washington","Walla Walla",2022,212,203,9,0,0,0,0,73,36,16,0,0,0,135,77
"Washington","Whatcom",2022,182,179,3,0,0,0,0,74,40,32,0,0,169,13,0
"Washington","Whitman",2022,212,212,0,0,0,0,0,43,24,12,0,0,0,212,0
"Washington","Yakima",2022,212,164,46,2,0,0,0,109,63,29,0,0,0,210,2
"West Virginia","Berkeley",2022,132,118,14,0,0,0,0,78,51,38,0,0,99,33,0
"West Virginia","Brooke",2022,212,201,11,0,0,0,0,73,43,18,0,0,0,91,121
"West Virginia","Cabell",2022,141,124,17,0,0,0,0,93,54,39,0,0,118,23,0
"West Virginia","Gilmer",2022,110,108,2,0,0,0,0,71,47,37,0,0,110,0,0
"West Virginia","Greenbrier",2022,120,116,4,0,0,0,0,71,46,40,0,0,120,0,0
"West Virginia","Hancock",2022,211,185,26,0,0,0,0,100,51,35,0,0,113,57,41
"West Virginia","Harrison",2022,57,51,6,0,0,0,0,64,51,28,0,0,0,57,0
"West Virginia","Kanawha",2022,175,144,31,0,0,0,0,90,57,41,2,0,101,72,0
"West Virginia","Marion",2022,58,51,7,0,0,0,0,69,54,28,0,0,0,58,0
"West Virginia","Marshall",2022,211,148,63,0,0,0,0,99,65,38,0,0,0,211,0
"West Virginia","Monongalia",2022,137,124,13,0,0,0,0,77,50,38,0,0,116,21,0
"West Virginia","Ohio",2022,171,158,13,0,0,0,0,66,47,37,0,0,110,61,0
"West Virginia","Tucker",2022,242,231,11,0,0,0,0,77,48,37,0,0,242,0,0
"West Virginia","Wood",2022,142,128,13,1,0,0,0,108,50,39,0,0,115,27,0
"Wisconsin","Ashland",2022,272,262,10,0,0,0,0,74,45,35,0,0,240,32,0
"Wisconsin","Brown",2022,267,240,25,2,0,0,0,112,51,36,0,0,156,111,0
"Wisconsin","Columbia",2022,186,175,11,0,0,0,0,80,48,38,0,0,186,0,0
"Wisconsin","Dane",2022,273,230,43,0,0,0,0,87,56,38,0,0,135,137,1
"Wisconsin","Dodge",2022,274,238,36,0,0,0,0,93,53,38,1,0,213,60,0
"Wisconsin","Door",2022,185,157,23,5,0,0,0,147,74,37,0,0,185,0,0
"Wisconsin","Eau Claire",2022,273,244,29,0,0,0,0,74,52,37,0,0,149,124,0
"Wisconsin","Fond du Lac",2022,185,175,9,1,0,0,0,108,48,37,0,0,185,0,0
"Wisconsin","Forest",2022,270,254,16,0,0,0,0,74,47,37,0,0,222,48,0
"Wisconsin","Grant",2022,267,238,29,0,0,0,0,77,51,28,0,0,0,267,0
"Wisconsin","Jackson",2022,179,167,11,1,0,0,0,118,45,22,0,0,0,179,0
"Wisconsin","Jefferson",2022,183,168,15,0,0,0,0,87,49,39,0,0,183,0,0
"Wisconsin","Kenosha",2022,273,209,59,4,1,0,0,164,68,41,0,0,204,69,0
"Wisconsin","Kewaunee",2022,185,156,25,3,1,0,0,161,64,40,0,0,185,0,0
"Wisconsin","La Crosse",2022,273,245,28,0,0,0,0,67,51,37,0,0,155,118,0
"Wisconsin","Manitowoc",2022,182,151,25,4,2,0,0,182,74,39,0,0,182,0,0
"Wisconsin","Marathon",2022,187,179,8,0,0,0,0,64,46,35,0,0,187,0,0
"Wisconsin","Milwaukee",2022,274,194,75,5,0,0,0,143,67,43,1,2,177,81,13
"Wisconsin","Monroe",2022,155,139,15,1,0,0,0,132,51,22,0,0,0,155,0
"Wisconsin","Outagamie",2022,273,238,34,1,0,0,0,122,53,38,0,0,140,133,0
"Wisconsin","Ozaukee",2022,215,181,29,4,1,0,0,159,71,39,0,0,176,39,0
"Wisconsin","Racine",2022,185,148,34,2,1,0,0,164,67,40,0,0,185,0,0
"Wisconsin","Rock",2022,186,168,18,0,0,0,0,97,50,40,0,0,186,0,0
"Wisconsin","Sauk",2022,273,240,33,0,0,0,0,76,52,37,0,0,153,120,0
"Wisconsin","Sheboygan",2022,186,155,24,6,1,0,0,177,80,41,0,0,186,0,0
"Wisconsin","Taylor",2022,273,255,18,0,0,0,0,65,46,36,0,0,215,58,0
"Wisconsin","Vilas",2022,271,256,15,0,0,0,0,67,45,32,0,0,175,96,0
"Wisconsin","Walworth",2022,184,165,16,3,0,0,0,105,51,40,0,0,184,0,0
"Wisconsin","Waukesha",2022,271,217,51,3,0,0,0,126,58,40,0,0,139,132,0
"Wyoming","Albany",2022,243,142,100,0,1,0,0,151,67,49,0,17,187,1,38
"Wyoming","Big Horn",2022,180,179,1,0,0,0,0,58,46,40,0,0,180,0,0
"Wyoming","Campbell",2022,212,158,52,0,1,0,1,576,64,43,0,0,79,37,96
"Wyoming","Carbon",2022,180,180,0,0,0,0,0,27,17,8,0,180,0,0,0
"Wyoming","Converse",2022,182,170,12,0,0,0,0,78,46,41,1,1,156,0,24
"Wyoming","Fremont",2022,212,171,41,0,0,0,0,100,58,45,0,0,166,43,3
"Wyoming","Johnson",2022,181,177,3,1,0,0,0,101,44,40,0,0,179,0,2
"Wyoming","Laramie",2022,182,163,19,0,0,0,0,74,51,43,1,0,168,11,2
"Wyoming","Lincoln",2022,273,247,25,1,0,0,0,118,50,40,0,3,161,0,109
"Wyoming","Natrona",2022,181,172,9,0,0,0,0,64,48,43,0,0,181,0,0
"Wyoming","Park",2022,190,188,2,0,0,0,0,81,35,17,0,0,0,190,0
"Wyoming","Platte",2022,178,151,18,4,2,0,3,673,57,16,0,0,0,0,178
"Wyoming","Sheridan",2022,212,199,13,0,0,0,0,72,48,42,0,0,151,55,6
"Wyoming","Sublette",2022,243,208,34,1,0,0,0,105,54,46,0,0,242,1,0
"Wyoming","Sweetwater",2022,212,176,35,0,1,0,0,157,57,43,0,0,152,31,29
"Wyoming","Teton",2022,213,200,13,0,0,0,0,100,48,44,1,1,209,2,0
"Wyoming","Uinta",2022,181,179,2,0,0,0,0,55,17,6,0,0,0,0,181
"Wyoming","Weston",2022,181,179,2,0,0,0,0,58,44,40,0,0,181,0,0
